share_id,buyer_id,share_date,rep_id
1,1093,2024-07-11,13
2,1123,2025-06-20,2
3,82,2024-03-25,12
4,848,2024-03-31,13
5,421,2025-04-06,5
6,543,2024-09-15,13
7,269,2025-04-26,14
8,623,2024-08-02,3
9,73,2024-11-06,12
10,651,2025-04-10,2
11,152,2025-05-31,1
12,632,2024-01-26,5
13,1064,2024-04-18,6
14,1076,2025-02-23,2
15,962,2024-06-06,9
16,1145,2024-12-04,12
17,639,2024-05-02,2
18,498,2024-11-15,13
19,929,2024-08-04,12
20,1192,2025-04-12,11
21,405,2024-08-14,4
22,948,2025-05-02,10
23,1155,2024-11-08,2
24,553,2024-07-05,8
25,553,2024-05-26,8
26,826,2025-06-16,9
27,941,2024-05-02,12
28,1009,2024-03-22,14
29,362,2024-10-25,9
30,709,2024-10-09,3
31,922,2025-01-17,14
32,578,2024-08-13,1
33,154,2024-10-08,13
34,296,2025-06-08,14
35,380,2024-11-14,8
36,441,2024-08-13,14
37,135,2025-05-08,1
38,687,2025-05-14,11
39,437,2024-08-19,9
40,621,2025-03-06,5
41,1196,2024-09-13,15
42,408,2024-01-16,11
43,652,2025-04-07,15
44,497,2025-02-25,13
45,977,2024-10-06,1
46,340,2024-08-22,14
47,308,2024-09-16,3
48,780,2025-06-27,8
49,358,2025-02-05,14
50,1101,2024-02-05,11
51,352,2025-04-16,5
52,1041,2024-05-17,14
53,1104,2024-07-05,10
54,89,2024-09-03,11
55,314,2024-11-03,8
56,196,2024-01-14,7
57,956,2025-04-29,8
58,1174,2024-12-21,3
59,48,2024-01-07,12
60,320,2025-07-05,11
61,474,2024-05-06,4
62,341,2024-12-02,6
63,1069,2025-03-13,9
64,574,2025-01-01,12
65,116,2025-07-11,11
66,101,2025-04-10,9
67,660,2024-11-28,3
68,528,2024-11-17,4
69,858,2024-05-26,12
70,768,2025-01-18,11
71,212,2024-02-21,10
72,359,2024-08-11,14
73,153,2024-09-25,7
74,579,2024-05-06,11
75,409,2024-09-04,2
76,802,2025-07-05,2
77,947,2025-05-11,11
78,286,2025-01-13,11
79,550,2024-02-20,7
80,1159,2024-04-09,9
81,313,2025-04-20,14
82,576,2024-08-25,2
83,1136,2025-04-09,15
84,600,2024-10-28,6
85,537,2024-05-08,2
86,245,2025-06-14,6
87,1058,2024-02-28,8
88,825,2024-05-07,15
89,942,2024-01-25,5
90,641,2025-04-28,13
91,930,2024-04-02,1
92,822,2024-05-11,12
93,1147,2025-03-23,8
94,173,2024-03-21,1
95,700,2024-04-25,6
96,84,2024-08-07,14
97,953,2024-11-18,10
98,640,2025-04-24,12
99,240,2025-04-15,5
100,984,2024-06-19,9
101,77,2024-11-02,4
102,1200,2024-12-04,12
103,581,2025-04-27,3
104,1167,2024-07-20,13
105,88,2024-01-20,6
106,914,2025-03-08,15
107,373,2025-02-22,4
108,578,2024-10-20,1
109,2,2025-07-12,5
110,1109,2025-01-22,10
111,103,2024-05-29,12
112,896,2024-05-21,13
113,47,2025-03-09,1
114,539,2024-12-13,7
115,754,2024-10-11,7
116,112,2024-06-16,11
117,654,2024-04-22,14
118,573,2024-06-23,1
119,1044,2024-03-10,5
120,578,2025-06-08,1
121,6,2025-01-31,10
122,897,2025-05-12,1
123,391,2025-05-08,11
124,460,2024-12-21,3
125,282,2024-01-27,8
126,220,2024-05-25,2
127,252,2025-03-23,2
128,191,2024-12-17,2
129,629,2024-06-17,9
130,1094,2025-02-11,5
131,38,2024-06-13,4
132,334,2025-03-24,10
133,992,2025-02-23,13
134,176,2025-02-22,14
135,430,2025-03-07,9
136,784,2024-12-23,13
137,1065,2024-01-02,8
138,149,2024-05-18,6
139,172,2024-04-18,9
140,513,2025-04-25,1
141,810,2025-05-27,1
142,524,2024-11-11,14
143,452,2024-06-19,13
144,642,2025-05-29,9
145,819,2025-03-31,13
146,822,2024-09-19,12
147,347,2024-12-25,7
148,1046,2024-04-10,6
149,92,2024-08-02,6
150,1175,2025-02-22,10
151,72,2024-05-24,5
152,511,2024-07-29,6
153,1124,2024-07-04,15
154,867,2025-07-07,7
155,127,2024-10-05,2
156,256,2024-05-24,7
157,549,2024-07-26,4
158,219,2024-03-31,14
159,1094,2024-08-03,5
160,510,2025-04-06,15
161,8,2024-01-31,14
162,685,2024-03-20,6
163,185,2024-12-17,6
164,594,2024-06-08,14
165,424,2024-11-30,8
166,316,2024-02-04,8
167,831,2024-04-09,1
168,715,2025-01-15,3
169,168,2025-03-07,5
170,834,2024-09-01,8
171,1198,2024-03-20,9
172,549,2024-10-16,4
173,823,2025-02-07,10
174,921,2025-05-20,11
175,491,2024-08-24,9
176,860,2024-10-18,15
177,1154,2025-02-22,4
178,191,2024-11-04,2
179,596,2024-09-28,3
180,112,2024-05-01,11
181,503,2024-12-14,10
182,862,2024-07-16,15
183,949,2024-07-30,1
184,899,2025-03-15,9
185,196,2025-07-10,7
186,266,2024-10-27,1
187,808,2024-03-26,15
188,787,2024-04-07,4
189,496,2024-01-01,8
190,162,2025-02-01,1
191,1051,2025-03-31,10
192,1005,2024-02-02,10
193,123,2025-05-29,5
194,9,2025-01-14,8
195,1146,2025-03-25,4
196,508,2025-01-25,7
197,941,2024-12-18,12
198,938,2025-05-13,6
199,1010,2024-10-27,2
200,105,2024-09-03,5
201,1018,2024-10-08,6
202,470,2024-12-07,12
203,648,2024-07-21,12
204,3,2024-06-10,2
205,379,2024-02-10,2
206,925,2024-11-17,2
207,183,2024-01-27,14
208,359,2024-02-17,14
209,31,2024-02-13,6
210,1124,2024-04-25,15
211,36,2024-03-22,8
212,481,2024-10-19,3
213,868,2024-04-22,7
214,992,2025-03-30,13
215,472,2024-11-14,9
216,1021,2024-07-29,3
217,596,2024-09-02,3
218,984,2024-09-02,9
219,400,2024-06-28,12
220,89,2024-01-29,11
221,549,2024-10-03,4
222,524,2025-02-07,14
223,730,2025-01-03,1
224,1108,2024-09-03,11
225,756,2024-04-08,8
226,499,2025-06-04,7
227,879,2024-03-28,15
228,1133,2024-04-09,14
229,865,2024-01-31,14
230,672,2024-01-04,15
231,255,2024-10-03,2
232,278,2025-01-05,14
233,1130,2024-09-13,15
234,548,2025-04-12,6
235,514,2024-05-18,15
236,212,2024-08-28,10
237,822,2024-08-06,12
238,405,2025-03-22,4
239,897,2024-02-29,1
240,785,2024-07-29,15
241,878,2024-08-19,15
242,500,2025-06-28,8
243,115,2025-07-12,7
244,1076,2025-05-01,2
245,39,2024-11-27,7
246,375,2025-01-31,5
247,996,2024-03-24,14
248,270,2024-05-10,1
249,396,2024-08-14,12
250,626,2024-09-23,2
251,1058,2025-05-29,8
252,388,2024-09-10,7
253,891,2024-02-10,7
254,1080,2025-01-02,9
255,530,2024-05-01,6
256,461,2024-01-27,11
257,97,2024-10-17,13
258,922,2024-06-18,14
259,922,2025-06-25,14
260,876,2024-02-02,1
261,172,2025-05-16,9
262,1107,2024-01-08,9
263,70,2024-04-16,7
264,1088,2024-04-06,3
265,1129,2025-07-06,1
266,965,2024-08-13,13
267,790,2025-06-15,14
268,258,2024-07-02,1
269,387,2024-07-14,11
270,1088,2024-03-29,3
271,1024,2024-01-16,12
272,296,2024-07-06,14
273,950,2024-10-12,8
274,524,2025-05-01,14
275,456,2024-08-05,8
276,877,2024-09-25,7
277,335,2024-07-05,11
278,773,2025-05-18,8
279,1001,2025-01-11,9
280,926,2024-07-06,1
281,489,2025-06-02,5
282,522,2024-10-03,8
283,665,2024-08-07,1
284,1092,2024-03-05,10
285,807,2025-05-03,2
286,1177,2025-03-22,10
287,863,2024-03-04,5
288,388,2025-02-19,7
289,602,2025-07-08,3
290,42,2024-07-15,8
291,1145,2024-12-06,12
292,20,2025-03-22,3
293,685,2025-06-22,6
294,511,2024-09-01,6
295,598,2024-01-08,6
296,290,2025-04-29,14
297,872,2024-05-14,10
298,403,2024-04-29,12
299,645,2025-06-12,7
300,1059,2024-11-16,7
301,634,2024-10-30,4
302,245,2024-09-21,6
303,1064,2025-06-18,6
304,214,2024-11-28,1
305,850,2024-09-02,9
306,51,2024-01-10,7
307,703,2024-01-08,4
308,582,2025-05-02,4
309,562,2024-05-15,2
310,1157,2024-10-14,4
311,1013,2024-04-22,10
312,934,2024-08-27,3
313,25,2024-01-08,1
314,685,2024-02-20,6
315,583,2025-06-01,7
316,824,2025-04-15,3
317,1113,2025-01-25,3
318,178,2024-06-16,9
319,673,2025-07-06,13
320,1173,2024-07-03,13
321,199,2024-03-19,2
322,994,2025-03-09,14
323,80,2025-06-23,7
324,1190,2024-07-18,1
325,485,2024-01-15,11
326,689,2025-02-08,14
327,960,2024-07-20,12
328,367,2025-01-01,13
329,750,2024-12-22,6
330,826,2025-01-21,9
331,901,2024-11-25,11
332,430,2024-09-09,9
333,265,2024-09-19,1
334,1136,2024-07-19,15
335,26,2024-07-01,9
336,1051,2025-07-05,10
337,592,2024-05-23,11
338,462,2025-03-16,12
339,352,2024-01-01,5
340,935,2024-04-20,1
341,637,2025-01-23,10
342,864,2024-10-17,5
343,463,2025-02-05,6
344,946,2024-08-28,9
345,367,2024-01-15,13
346,968,2025-03-28,1
347,178,2024-01-31,9
348,870,2025-01-27,5
349,54,2024-03-03,1
350,540,2025-03-22,15
351,500,2024-11-20,8
352,384,2024-11-30,4
353,14,2024-04-12,9
354,170,2024-04-05,7
355,162,2025-04-11,1
356,180,2024-03-18,9
357,9,2024-05-25,8
358,493,2024-02-26,8
359,611,2025-04-07,6
360,41,2024-02-27,8
361,605,2024-05-01,13
362,820,2024-11-07,1
363,658,2024-12-02,6
364,398,2025-01-20,15
365,506,2024-11-26,1
366,1104,2025-03-10,10
367,860,2024-03-22,15
368,114,2024-06-26,2
369,169,2025-04-02,12
370,1188,2025-06-27,8
371,612,2024-03-27,9
372,496,2024-11-13,8
373,669,2025-01-04,15
374,364,2025-02-11,3
375,780,2025-06-21,8
376,147,2025-03-04,9
377,300,2024-09-29,2
378,1153,2024-09-19,4
379,1136,2025-07-12,15
380,781,2025-01-12,13
381,889,2024-08-30,8
382,753,2024-12-10,9
383,376,2025-02-20,13
384,731,2025-04-15,14
385,792,2024-09-10,11
386,213,2024-01-02,10
387,785,2024-12-02,15
388,666,2025-01-04,8
389,524,2025-06-04,14
390,387,2024-09-19,11
391,710,2025-02-18,10
392,916,2024-05-25,1
393,275,2024-06-08,14
394,950,2024-11-02,8
395,1049,2024-01-09,9
396,1032,2024-06-30,6
397,722,2024-01-24,15
398,672,2024-07-28,15
399,85,2025-06-21,3
400,639,2025-01-04,2
401,192,2024-02-27,9
402,201,2024-11-24,3
403,759,2025-04-05,9
404,552,2025-06-10,15
405,302,2025-01-25,3
406,372,2025-01-19,12
407,58,2024-07-03,9
408,445,2025-02-06,10
409,1098,2024-11-24,8
410,348,2024-07-24,11
411,391,2024-05-09,11
412,99,2025-01-11,5
413,581,2024-09-21,3
414,10,2024-08-26,6
415,329,2024-03-05,10
416,805,2024-05-28,13
417,30,2025-05-20,15
418,484,2024-04-07,3
419,625,2024-03-09,1
420,685,2024-12-04,6
421,1150,2024-04-07,15
422,832,2024-07-20,9
423,172,2024-11-07,9
424,107,2024-04-12,2
425,960,2024-02-12,12
426,97,2024-09-04,13
427,710,2024-09-05,10
428,34,2024-05-07,4
429,743,2024-05-30,14
430,1008,2024-12-20,10
431,603,2024-12-15,1
432,896,2024-02-18,13
433,1144,2024-09-11,7
434,1042,2025-05-03,5
435,866,2024-08-14,15
436,203,2025-03-18,12
437,297,2024-02-06,6
438,912,2025-02-24,15
439,635,2024-06-28,10
440,901,2024-09-05,11
441,342,2025-03-15,5
442,1010,2025-01-14,2
443,244,2025-04-14,2
444,738,2024-03-18,7
445,841,2024-07-03,14
446,1047,2025-02-04,14
447,1012,2024-01-21,13
448,844,2024-11-23,1
449,941,2025-03-26,12
450,199,2025-02-22,2
451,867,2024-11-18,7
452,1031,2025-02-25,5
453,349,2025-06-29,3
454,1163,2025-03-25,13
455,82,2025-05-25,12
456,100,2024-12-29,10
457,1070,2024-04-24,1
458,406,2024-08-08,1
459,720,2024-09-19,7
460,1190,2024-01-25,1
461,818,2025-02-11,6
462,38,2025-03-22,4
463,191,2025-05-20,2
464,214,2024-05-02,1
465,1014,2024-01-10,14
466,682,2025-02-06,8
467,1190,2024-11-25,1
468,304,2024-07-13,7
469,303,2024-10-12,12
470,1088,2024-08-25,3
471,937,2025-03-08,8
472,1058,2025-04-09,8
473,762,2024-06-06,12
474,733,2025-07-03,15
475,518,2024-09-26,12
476,246,2025-01-05,4
477,64,2024-01-08,6
478,419,2024-09-02,10
479,1155,2024-01-11,2
480,931,2024-06-27,4
481,274,2025-04-01,1
482,430,2024-07-17,9
483,927,2024-11-19,4
484,825,2024-02-03,15
485,1052,2025-06-10,13
486,1130,2025-02-01,15
487,985,2024-05-22,13
488,1040,2024-07-23,12
489,743,2025-02-07,14
490,724,2024-11-10,13
491,920,2024-12-06,3
492,666,2025-02-14,8
493,156,2025-02-22,3
494,417,2025-05-06,7
495,856,2024-11-01,13
496,352,2025-03-22,5
497,726,2024-08-27,9
498,677,2024-03-21,6
499,681,2024-07-01,12
500,140,2024-01-13,7
501,428,2025-05-16,11
502,55,2024-06-28,3
503,786,2024-02-21,14
504,505,2025-06-17,14
505,399,2024-03-09,6
506,1072,2024-03-28,2
507,598,2025-02-07,6
508,289,2025-02-04,6
509,1003,2024-02-20,6
510,59,2025-04-23,7
511,1106,2025-05-27,11
512,377,2025-05-05,9
513,683,2025-03-22,11
514,671,2024-11-28,2
515,108,2025-05-30,6
516,704,2025-05-23,4
517,959,2024-04-15,3
518,401,2024-08-19,1
519,996,2025-02-03,14
520,234,2025-03-17,11
521,786,2024-10-18,14
522,752,2024-10-31,2
523,1102,2025-02-18,9
524,600,2024-11-22,6
525,1027,2024-10-15,2
526,732,2024-04-25,4
527,906,2024-10-29,8
528,914,2024-12-12,15
529,1188,2024-07-03,8
530,423,2024-01-17,1
531,871,2025-04-12,6
532,771,2024-12-18,5
533,952,2024-05-21,8
534,914,2025-06-10,15
535,167,2025-05-31,2
536,502,2024-07-22,3
537,376,2024-03-15,13
538,670,2024-06-20,12
539,293,2024-07-15,12
540,1075,2024-05-10,7
541,115,2024-09-26,7
542,770,2025-01-11,8
543,1001,2025-03-05,9
544,134,2024-02-07,15
545,104,2024-12-21,8
546,196,2024-05-24,7
547,607,2025-01-02,7
548,455,2024-06-25,13
549,546,2025-06-27,5
550,557,2024-12-10,2
551,808,2024-08-24,15
552,1195,2024-07-23,1
553,1074,2024-09-12,10
554,438,2024-01-06,14
555,615,2025-05-24,5
556,814,2025-02-12,2
557,458,2025-01-05,9
558,1029,2024-06-02,10
559,142,2024-05-13,7
560,125,2024-08-06,9
561,700,2024-01-01,6
562,682,2025-04-27,8
563,507,2024-02-09,3
564,945,2025-03-03,5
565,554,2024-01-02,2
566,802,2024-03-15,2
567,736,2025-04-27,7
568,776,2024-01-07,9
569,1004,2024-07-15,2
570,378,2025-03-21,8
571,527,2025-06-30,8
572,691,2024-12-31,11
573,840,2024-06-28,10
574,541,2024-10-11,8
575,971,2024-10-30,5
576,1121,2024-12-04,11
577,807,2025-03-29,2
578,1023,2024-04-28,2
579,1003,2024-06-01,6
580,1042,2025-06-18,5
581,185,2025-01-15,6
582,1133,2025-04-11,14
583,656,2025-06-22,9
584,658,2024-06-27,6
585,525,2024-10-03,8
586,977,2024-07-31,1
587,1133,2024-12-24,14
588,772,2025-06-25,5
589,674,2024-01-21,12
590,361,2025-01-11,1
591,806,2025-03-27,7
592,451,2025-06-16,12
593,978,2024-04-19,9
594,578,2024-05-22,1
595,143,2024-12-29,1
596,512,2025-03-15,5
597,531,2024-09-27,9
598,53,2024-01-18,11
599,45,2024-06-07,10
600,850,2024-10-19,9
601,1096,2025-07-10,2
602,1159,2024-08-14,9
603,406,2025-05-12,1
604,742,2024-04-19,2
605,862,2024-05-30,15
606,456,2024-08-18,8
607,787,2025-01-22,4
608,1145,2025-02-06,12
609,800,2024-03-03,10
610,104,2024-10-29,8
611,735,2024-07-20,2
612,590,2024-04-28,4
613,10,2024-11-05,6
614,635,2025-06-21,10
615,924,2024-10-20,3
616,846,2025-03-16,5
617,509,2024-05-09,2
618,1190,2024-01-24,1
619,924,2025-04-23,3
620,853,2024-02-01,11
621,1103,2024-08-03,5
622,496,2024-08-24,8
623,578,2024-06-02,1
624,139,2024-06-12,9
625,126,2025-01-01,6
626,816,2024-09-01,5
627,993,2024-02-23,3
628,1102,2024-02-02,9
629,273,2024-07-10,6
630,542,2025-01-18,2
631,493,2025-05-19,8
632,564,2024-09-21,4
633,929,2024-11-24,12
634,547,2024-08-20,14
635,1178,2024-05-22,7
636,693,2025-05-30,2
637,104,2024-11-20,8
638,851,2024-07-18,1
639,654,2024-12-02,14
640,1096,2025-02-05,2
641,461,2024-06-19,11
642,802,2025-02-09,2
643,1088,2024-03-10,3
644,427,2024-12-26,15
645,315,2024-12-29,3
646,739,2024-04-07,9
647,192,2024-01-10,9
648,902,2025-01-15,13
649,1014,2024-07-06,14
650,1153,2024-12-26,4
651,666,2024-06-29,8
652,952,2024-04-28,8
653,720,2024-01-29,7
654,1168,2024-09-16,2
655,505,2024-04-22,14
656,148,2025-04-05,4
657,126,2024-10-11,6
658,220,2024-04-01,2
659,671,2024-06-10,2
660,1199,2025-02-09,15
661,123,2024-07-18,5
662,1041,2025-04-10,14
663,322,2025-02-24,11
664,1055,2024-06-18,5
665,566,2025-04-20,14
666,618,2025-04-07,8
667,889,2024-02-17,8
668,1037,2024-09-21,15
669,901,2024-06-10,11
670,513,2024-06-26,1
671,19,2024-09-03,6
672,70,2024-08-14,7
673,408,2024-05-08,11
674,332,2025-07-03,5
675,1118,2025-04-05,15
676,826,2024-02-29,9
677,238,2025-06-17,14
678,887,2024-01-29,12
679,142,2025-06-10,7
680,44,2024-06-18,11
681,28,2025-06-06,3
682,111,2024-07-02,3
683,1,2025-03-17,4
684,487,2024-12-28,8
685,68,2024-01-27,5
686,71,2024-04-15,5
687,568,2024-01-22,7
688,290,2025-02-07,14
689,1096,2024-07-07,2
690,69,2025-04-10,6
691,908,2025-05-10,15
692,724,2024-02-03,13
693,712,2024-07-19,7
694,883,2024-10-06,1
695,838,2024-05-15,12
696,209,2024-04-01,3
697,209,2025-06-16,3
698,939,2024-03-02,1
699,506,2024-06-13,1
700,647,2024-04-24,5
701,564,2024-04-07,4
702,1081,2025-02-04,2
703,820,2024-04-07,1
704,639,2024-08-13,2
705,1157,2024-10-29,4
706,414,2025-03-21,13
707,1185,2025-06-01,8
708,772,2024-12-11,5
709,579,2025-06-07,11
710,222,2025-03-20,8
711,163,2024-03-09,8
712,751,2025-03-03,11
713,523,2024-06-05,9
714,1022,2024-02-13,14
715,774,2024-03-26,11
716,1144,2024-10-01,7
717,433,2024-11-13,1
718,1013,2024-04-10,10
719,836,2024-03-07,3
720,1051,2025-03-03,10
721,1072,2025-02-28,2
722,698,2024-03-20,14
723,507,2024-12-18,3
724,545,2024-09-09,1
725,45,2024-03-12,10
726,941,2024-03-18,12
727,777,2025-04-20,11
728,1031,2024-03-09,5
729,738,2025-06-26,7
730,134,2024-06-16,15
731,1072,2025-03-09,2
732,576,2025-06-21,2
733,10,2024-02-07,6
734,915,2025-05-25,13
735,1077,2024-01-30,11
736,636,2024-01-19,12
737,867,2025-05-16,7
738,1010,2025-01-07,2
739,556,2024-08-27,1
740,53,2024-09-19,11
741,648,2024-01-12,12
742,78,2024-03-31,1
743,473,2024-05-16,13
744,806,2025-01-16,7
745,216,2024-02-23,10
746,83,2024-09-06,1
747,276,2024-01-16,12
748,394,2024-05-16,5
749,683,2024-01-26,11
750,757,2025-07-03,10
751,132,2025-04-12,5
752,825,2024-12-18,15
753,382,2024-11-20,15
754,238,2025-06-11,14
755,1050,2024-03-17,4
756,1132,2024-03-26,6
757,744,2024-11-18,5
758,359,2025-04-09,14
759,445,2024-09-15,10
760,792,2024-10-08,11
761,1141,2024-09-13,13
762,623,2024-12-02,3
763,937,2025-04-14,8
764,536,2024-08-21,9
765,649,2025-02-05,13
766,286,2024-04-23,11
767,495,2025-02-13,6
768,500,2024-08-13,8
769,1194,2024-01-29,2
770,68,2024-10-18,5
771,77,2024-03-31,4
772,1127,2024-05-04,9
773,693,2024-03-10,2
774,499,2025-03-10,7
775,1159,2024-04-18,9
776,242,2024-07-29,12
777,1055,2024-04-18,5
778,876,2024-11-29,1
779,471,2025-06-25,6
780,527,2025-01-06,8
781,722,2025-03-29,15
782,666,2024-08-30,8
783,153,2024-10-07,7
784,361,2025-06-03,1
785,727,2024-06-02,4
786,350,2024-06-10,13
787,1154,2024-10-18,4
788,272,2024-08-15,13
789,1012,2024-01-23,13
790,1025,2024-07-09,7
791,633,2025-03-15,11
792,393,2024-02-26,2
793,94,2024-04-05,5
794,1069,2025-06-29,9
795,1037,2025-03-29,15
796,782,2024-06-15,8
797,991,2024-06-15,2
798,735,2024-01-25,2
799,294,2024-03-27,10
800,775,2025-05-24,6
801,1009,2024-05-07,14
802,465,2024-01-17,6
803,154,2024-03-18,13
804,498,2025-03-17,13
805,874,2025-05-28,15
806,536,2025-03-11,9
807,568,2025-04-27,7
808,334,2025-04-03,10
809,736,2025-04-04,7
810,1105,2024-04-18,14
811,558,2025-03-27,9
812,997,2024-06-09,9
813,404,2024-01-23,4
814,978,2024-01-05,9
815,642,2024-04-29,9
816,149,2024-10-24,6
817,929,2024-06-22,12
818,647,2024-04-08,5
819,1155,2024-06-18,2
820,1168,2024-08-07,2
821,621,2024-09-20,5
822,616,2025-06-04,10
823,415,2025-03-22,4
824,883,2024-06-06,1
825,416,2024-07-07,2
826,792,2025-03-10,11
827,1058,2025-05-25,8
828,287,2024-08-29,12
829,1041,2024-08-23,14
830,515,2025-02-07,5
831,404,2024-07-15,4
832,618,2024-09-18,8
833,1041,2024-03-01,14
834,1026,2025-06-28,12
835,404,2024-08-15,4
836,995,2024-08-20,6
837,721,2024-09-22,1
838,756,2025-04-29,8
839,1167,2024-08-07,13
840,563,2024-08-25,10
841,199,2024-12-06,2
842,186,2024-12-15,4
843,183,2024-07-25,14
844,1116,2024-03-27,6
845,949,2024-07-29,1
846,1180,2024-10-01,2
847,903,2024-12-31,6
848,333,2024-01-28,5
849,1052,2024-05-29,13
850,1187,2024-10-22,9
851,69,2024-12-24,6
852,939,2024-06-29,1
853,473,2024-09-27,13
854,886,2024-10-29,10
855,360,2024-02-24,12
856,411,2024-01-21,11
857,1137,2025-06-14,2
858,1198,2024-04-19,9
859,95,2025-04-01,7
860,201,2024-03-21,3
861,953,2024-02-25,10
862,364,2025-06-19,3
863,778,2025-01-22,3
864,538,2024-01-20,13
865,271,2025-02-04,3
866,236,2025-04-21,1
867,1174,2024-01-21,3
868,562,2024-09-27,2
869,135,2025-05-27,1
870,888,2024-09-25,4
871,710,2025-05-19,10
872,19,2024-03-11,6
873,61,2024-07-06,12
874,633,2025-06-17,11
875,444,2025-03-15,9
876,977,2025-02-08,1
877,300,2024-01-16,2
878,778,2024-10-03,3
879,510,2024-06-21,15
880,708,2024-01-31,15
881,829,2024-05-04,10
882,1031,2024-04-28,5
883,948,2024-09-15,10
884,250,2025-07-03,5
885,151,2024-07-13,6
886,561,2024-06-29,9
887,797,2024-03-23,14
888,818,2025-05-15,6
889,761,2025-02-12,9
890,862,2024-05-07,15
891,67,2025-04-16,4
892,1133,2024-10-25,14
893,386,2024-05-10,15
894,1004,2024-03-05,2
895,704,2024-09-20,4
896,423,2024-10-20,1
897,263,2024-04-09,10
898,2,2024-06-05,5
899,696,2024-03-22,4
900,418,2024-02-12,1
901,60,2024-09-25,13
902,782,2025-03-12,8
903,967,2025-01-27,4
904,636,2024-06-07,12
905,330,2024-07-18,11
906,1192,2025-02-21,11
907,254,2025-01-24,12
908,57,2024-11-29,11
909,515,2024-01-25,5
910,595,2025-06-17,13
911,318,2024-01-04,12
912,998,2024-03-11,2
913,1184,2025-07-06,5
914,714,2024-12-27,4
915,69,2024-09-20,6
916,315,2024-02-12,3
917,412,2024-12-25,3
918,611,2024-12-16,6
919,1002,2024-08-21,13
920,254,2025-05-18,12
921,592,2024-02-29,11
922,374,2024-08-03,4
923,800,2024-05-09,10
924,277,2024-02-22,4
925,854,2024-08-06,6
926,1013,2024-12-06,10
927,701,2025-07-01,6
928,524,2024-02-10,14
929,984,2024-07-21,9
930,631,2025-01-09,1
931,955,2024-05-01,12
932,1105,2024-05-25,14
933,1011,2024-04-14,15
934,853,2024-11-17,11
935,581,2025-03-02,3
936,408,2024-01-26,11
937,235,2024-08-06,3
938,275,2024-03-28,14
939,928,2025-06-28,12
940,1053,2025-06-07,11
941,573,2025-07-03,1
942,702,2025-05-03,4
943,480,2024-11-06,15
944,712,2025-06-04,7
945,309,2024-09-23,12
946,1198,2025-03-27,9
947,558,2024-01-01,9
948,192,2025-06-01,9
949,663,2024-03-24,11
950,995,2024-07-11,6
951,295,2024-06-15,12
952,227,2024-12-03,3
953,1099,2025-01-19,2
954,274,2024-05-07,1
955,461,2025-04-03,11
956,314,2024-03-13,8
957,1000,2024-09-12,4
958,159,2024-11-08,15
959,407,2025-04-08,1
960,74,2024-06-26,3
961,646,2024-11-11,10
962,471,2024-01-25,6
963,290,2025-06-29,14
964,31,2025-01-09,6
965,89,2024-08-01,11
966,82,2024-07-10,12
967,873,2024-12-10,9
968,1059,2025-06-27,7
969,806,2024-02-06,7
970,28,2024-09-26,3
971,199,2025-02-05,2
972,467,2024-03-19,10
973,79,2025-02-21,8
974,929,2024-03-08,12
975,258,2024-11-15,1
976,869,2024-10-11,2
977,645,2024-09-21,7
978,1142,2025-01-18,7
979,967,2024-12-17,4
980,1121,2024-06-26,11
981,801,2024-02-19,7
982,671,2024-08-17,2
983,967,2024-07-10,4
984,284,2024-08-29,9
985,467,2024-04-06,10
986,1019,2024-09-17,11
987,1107,2024-06-27,9
988,390,2025-01-25,8
989,1125,2025-03-10,3
990,270,2024-07-19,1
991,1163,2024-07-16,13
992,698,2025-01-25,14
993,897,2024-01-27,1
994,544,2024-03-06,7
995,857,2024-05-21,15
996,798,2025-05-28,15
997,773,2024-10-06,8
998,684,2025-03-25,10
999,438,2024-02-22,14
1000,1155,2024-06-02,2
1001,798,2024-01-22,15
1002,989,2024-01-31,15
1003,440,2024-06-02,13
1004,145,2024-10-10,2
1005,834,2025-01-24,8
1006,74,2025-04-09,3
1007,550,2024-12-20,7
1008,1003,2025-05-25,6
1009,1131,2024-06-09,7
1010,190,2025-03-24,15
1011,388,2024-10-19,7
1012,499,2024-07-27,7
1013,483,2025-07-02,12
1014,841,2024-01-04,14
1015,254,2024-07-08,12
1016,36,2025-04-13,8
1017,599,2024-03-15,14
1018,1110,2024-07-10,5
1019,419,2024-04-28,10
1020,816,2024-07-29,5
1021,353,2024-06-10,15
1022,272,2024-11-05,13
1023,336,2024-02-05,3
1024,775,2025-05-29,6
1025,550,2024-04-01,7
1026,114,2025-06-15,2
1027,961,2025-04-27,14
1028,169,2024-07-27,12
1029,789,2025-03-22,9
1030,1071,2024-05-01,15
1031,245,2025-05-12,6
1032,957,2024-02-12,1
1033,1159,2024-05-05,9
1034,469,2024-08-10,14
1035,641,2025-02-27,13
1036,368,2024-05-29,1
1037,67,2025-04-28,4
1038,574,2024-04-21,12
1039,1114,2024-08-17,14
1040,142,2024-01-24,7
1041,161,2024-01-02,15
1042,617,2024-09-17,9
1043,764,2024-02-03,8
1044,885,2024-06-13,11
1045,701,2024-07-24,6
1046,98,2025-06-01,4
1047,1192,2025-02-15,11
1048,1168,2024-08-29,2
1049,35,2024-11-29,12
1050,1167,2025-01-31,13
1051,1111,2024-02-07,10
1052,560,2024-07-17,1
1053,691,2024-10-09,11
1054,680,2024-06-13,12
1055,283,2024-10-16,2
1056,469,2024-07-13,14
1057,714,2024-01-03,4
1058,302,2024-07-15,3
1059,564,2024-04-11,4
1060,342,2024-05-04,5
1061,643,2024-01-12,4
1062,626,2024-05-07,2
1063,822,2025-01-16,12
1064,274,2024-01-03,1
1065,801,2025-05-23,7
1066,396,2024-09-25,12
1067,723,2024-04-24,5
1068,449,2024-08-14,14
1069,169,2024-04-29,12
1070,572,2025-03-01,5
1071,529,2025-04-16,5
1072,263,2025-01-31,10
1073,97,2024-12-03,13
1074,654,2024-08-11,14
1075,175,2024-06-18,7
1076,695,2024-08-09,10
1077,222,2024-11-17,8
1078,138,2025-01-30,4
1079,1161,2025-03-19,8
1080,19,2025-06-19,6
1081,962,2024-06-27,9
1082,161,2025-03-07,15
1083,229,2024-12-18,8
1084,445,2024-01-26,10
1085,675,2024-07-27,3
1086,1138,2025-05-10,11
1087,613,2024-06-30,1
1088,1108,2024-08-25,11
1089,331,2024-08-02,7
1090,728,2024-03-09,6
1091,585,2025-02-09,3
1092,63,2024-10-14,13
1093,294,2024-05-04,10
1094,574,2024-05-30,12
1095,589,2024-12-16,5
1096,192,2024-05-21,9
1097,1032,2025-01-01,6
1098,711,2024-11-26,7
1099,400,2024-10-31,12
1100,937,2025-07-08,8
1101,90,2025-02-28,1
1102,1035,2024-12-11,4
1103,644,2024-07-27,13
1104,589,2024-08-18,5
1105,169,2024-02-12,12
1106,140,2025-03-13,7
1107,1082,2024-02-02,1
1108,178,2025-05-24,9
1109,1025,2025-03-26,7
1110,694,2025-01-11,6
1111,740,2024-01-22,7
1112,806,2024-06-17,7
1113,165,2024-04-04,8
1114,468,2024-06-22,8
1115,377,2025-02-01,9
1116,754,2024-03-03,7
1117,947,2025-02-25,11
1118,828,2024-08-22,9
1119,458,2025-01-04,9
1120,687,2024-03-22,11
1121,1052,2025-04-29,13
1122,171,2025-05-10,7
1123,814,2024-06-04,2
1124,725,2024-11-16,7
1125,831,2025-04-18,1
1126,110,2024-10-17,5
1127,1048,2024-10-20,5
1128,1164,2025-07-09,12
1129,296,2025-01-06,14
1130,489,2024-06-15,5
1131,476,2024-11-04,13
1132,968,2024-08-25,1
1133,473,2025-04-17,13
1134,993,2024-02-07,3
1135,1110,2024-03-17,5
1136,910,2024-03-12,3
1137,1143,2025-05-28,7
1138,956,2025-07-10,8
1139,703,2024-11-08,4
1140,71,2025-06-06,5
1141,797,2024-07-02,14
1142,926,2024-12-15,1
1143,249,2024-05-05,3
1144,240,2024-04-13,5
1145,245,2024-01-19,6
1146,1159,2024-10-03,9
1147,848,2025-01-16,13
1148,906,2024-08-30,8
1149,988,2024-06-26,2
1150,572,2025-06-16,5
1151,1085,2025-01-21,6
1152,709,2024-06-11,3
1153,851,2024-02-01,1
1154,438,2024-04-02,14
1155,299,2024-11-13,12
1156,736,2024-03-02,7
1157,851,2024-07-20,1
1158,97,2024-04-07,13
1159,646,2024-02-29,10
1160,1091,2024-02-13,10
1161,542,2024-04-14,2
1162,926,2024-11-16,1
1163,418,2024-03-24,1
1164,767,2024-07-13,14
1165,95,2025-01-05,7
1166,96,2024-07-03,6
1167,355,2025-06-23,13
1168,1088,2024-04-18,3
1169,495,2025-05-22,6
1170,763,2024-10-21,14
1171,76,2024-12-07,14
1172,76,2025-06-19,14
1173,842,2024-03-10,5
1174,717,2024-01-12,6
1175,778,2024-03-22,3
1176,1052,2024-11-25,13
1177,1163,2024-10-05,13
1178,1056,2024-06-09,12
1179,1119,2025-04-09,8
1180,313,2024-04-06,14
1181,736,2024-03-06,7
1182,558,2024-04-26,9
1183,629,2025-06-01,9
1184,1015,2024-07-19,7
1185,1094,2024-12-19,5
1186,635,2025-03-23,10
1187,562,2024-05-12,2
1188,6,2024-03-03,10
1189,56,2025-05-28,1
1190,369,2025-06-04,12
1191,366,2024-08-11,2
1192,480,2024-10-25,15
1193,387,2024-08-21,11
1194,1126,2025-01-18,13
1195,985,2024-05-30,13
1196,873,2024-01-31,9
1197,826,2025-03-27,9
1198,128,2025-03-21,14
1199,906,2024-03-10,8
1200,402,2024-02-21,2
1201,876,2024-11-11,1
1202,691,2024-07-20,11
1203,807,2024-10-25,2
1204,534,2024-10-10,5
1205,1069,2024-06-04,9
1206,1022,2025-02-03,14
1207,456,2025-06-09,8
1208,627,2024-02-21,6
1209,389,2025-04-04,8
1210,577,2025-04-12,8
1211,854,2024-06-07,6
1212,1190,2024-04-18,1
1213,631,2025-02-03,1
1214,951,2024-10-03,3
1215,551,2025-02-01,15
1216,216,2024-01-15,10
1217,105,2024-02-11,5
1218,560,2024-01-12,1
1219,905,2024-11-07,15
1220,1116,2025-03-18,6
1221,804,2025-02-08,4
1222,1190,2024-01-21,1
1223,386,2024-02-07,15
1224,650,2024-08-11,4
1225,332,2025-01-28,5
1226,610,2024-03-16,5
1227,219,2024-05-02,14
1228,343,2024-04-21,8
1229,837,2024-11-10,9
1230,1035,2025-03-05,4
1231,106,2024-01-31,10
1232,1159,2024-12-01,9
1233,61,2025-07-11,12
1234,261,2024-02-13,15
1235,244,2025-07-12,2
1236,653,2024-02-13,10
1237,935,2024-04-11,1
1238,1152,2025-02-03,1
1239,419,2024-12-08,10
1240,239,2024-10-15,9
1241,352,2024-04-24,5
1242,297,2024-04-13,6
1243,1089,2024-09-09,3
1244,361,2024-10-01,1
1245,279,2025-03-19,8
1246,263,2024-04-16,10
1247,815,2024-11-24,12
1248,254,2024-12-02,12
1249,154,2025-03-16,13
1250,492,2024-03-19,12
1251,925,2024-01-02,2
1252,616,2024-03-11,10
1253,695,2024-03-03,10
1254,193,2024-04-15,8
1255,560,2024-04-25,1
1256,132,2025-03-13,5
1257,656,2024-10-09,9
1258,929,2024-03-15,12
1259,198,2024-02-09,3
1260,991,2024-08-15,2
1261,728,2024-07-20,6
1262,96,2025-03-24,6
1263,520,2025-04-16,1
1264,731,2024-01-16,14
1265,741,2024-11-19,9
1266,774,2025-06-19,11
1267,856,2024-10-16,13
1268,533,2025-04-18,10
1269,13,2024-04-16,11
1270,495,2024-03-01,6
1271,1060,2024-04-10,8
1272,1146,2025-07-12,4
1273,68,2024-07-25,5
1274,288,2024-03-21,6
1275,1044,2024-08-25,5
1276,982,2024-06-24,12
1277,493,2024-01-03,8
1278,36,2025-01-30,8
1279,624,2024-01-18,2
1280,42,2025-04-02,8
1281,632,2024-06-13,5
1282,1035,2024-12-16,4
1283,87,2025-02-15,9
1284,27,2024-04-29,7
1285,1193,2025-05-14,2
1286,1195,2024-07-28,1
1287,637,2024-04-28,10
1288,398,2025-07-05,15
1289,393,2024-10-28,2
1290,960,2024-04-05,12
1291,250,2025-06-06,5
1292,580,2025-02-18,14
1293,742,2024-04-21,2
1294,979,2024-12-05,9
1295,246,2025-05-31,4
1296,522,2024-10-24,8
1297,369,2024-06-28,12
1298,710,2024-09-17,10
1299,413,2024-10-19,1
1300,1022,2025-06-26,14
1301,1090,2024-05-05,3
1302,24,2024-09-05,14
1303,1163,2024-09-23,13
1304,332,2025-05-12,5
1305,639,2024-11-19,2
1306,21,2024-11-10,12
1307,768,2024-05-06,11
1308,3,2025-01-08,2
1309,954,2024-09-07,1
1310,70,2024-06-12,7
1311,235,2024-09-29,3
1312,681,2024-09-22,12
1313,910,2024-09-17,3
1314,141,2024-12-26,3
1315,234,2024-05-08,11
1316,572,2024-06-25,5
1317,418,2025-03-21,1
1318,661,2024-05-11,12
1319,69,2024-09-20,6
1320,639,2024-11-28,2
1321,297,2024-11-12,6
1322,272,2024-06-07,13
1323,1001,2024-03-06,9
1324,442,2024-04-02,3
1325,170,2024-01-08,7
1326,426,2025-02-06,4
1327,993,2024-11-14,3
1328,442,2024-01-25,3
1329,464,2024-01-14,3
1330,934,2024-06-13,3
1331,366,2024-08-20,2
1332,1191,2024-01-06,8
1333,1165,2024-05-14,2
1334,1138,2024-08-31,11
1335,1101,2025-01-16,11
1336,497,2025-03-01,13
1337,973,2024-04-18,11
1338,579,2025-07-10,11
1339,760,2024-02-20,10
1340,444,2024-01-28,9
1341,278,2024-06-03,14
1342,913,2024-02-12,12
1343,383,2025-01-24,4
1344,942,2024-08-21,5
1345,497,2024-11-10,13
1346,327,2024-08-05,15
1347,120,2024-09-24,2
1348,877,2025-03-12,7
1349,1132,2025-04-10,6
1350,511,2025-05-19,6
1351,1097,2025-01-18,1
1352,1091,2024-02-27,10
1353,189,2024-09-19,8
1354,863,2024-11-19,5
1355,303,2024-03-14,12
1356,1140,2025-03-10,9
1357,1021,2024-07-22,3
1358,1129,2025-04-29,1
1359,728,2025-03-21,6
1360,198,2024-04-16,3
1361,1005,2024-02-24,10
1362,1073,2024-11-22,10
1363,1004,2024-04-08,2
1364,229,2024-03-03,8
1365,95,2024-07-19,7
1366,834,2024-02-20,8
1367,752,2024-10-12,2
1368,685,2025-05-11,6
1369,77,2025-03-05,4
1370,424,2024-05-15,8
1371,425,2024-03-13,3
1372,273,2025-04-17,6
1373,1198,2024-08-09,9
1374,1028,2024-04-30,11
1375,566,2025-03-30,14
1376,531,2024-08-11,9
1377,909,2024-05-29,4
1378,32,2025-06-13,8
1379,1052,2025-02-23,13
1380,813,2025-05-23,3
1381,948,2024-03-05,10
1382,1018,2025-02-21,6
1383,645,2025-05-30,7
1384,794,2025-05-26,6
1385,13,2024-08-30,11
1386,417,2025-04-17,7
1387,573,2024-07-04,1
1388,33,2025-04-13,5
1389,178,2025-04-30,9
1390,126,2024-12-29,6
1391,742,2025-01-18,2
1392,1079,2024-10-19,3
1393,247,2024-08-15,7
1394,62,2024-08-02,15
1395,257,2025-03-30,14
1396,247,2024-06-07,7
1397,1004,2024-10-07,2
1398,494,2024-04-06,12
1399,1041,2024-04-09,14
1400,202,2024-03-15,8
1401,20,2024-03-05,3
1402,895,2025-03-03,13
1403,534,2025-02-01,5
1404,516,2024-09-09,15
1405,1106,2025-01-27,11
1406,606,2024-07-21,5
1407,1012,2025-01-04,13
1408,633,2024-09-06,11
1409,710,2025-05-06,10
1410,549,2024-10-04,4
1411,497,2024-07-12,13
1412,565,2024-05-13,6
1413,193,2024-02-15,8
1414,891,2024-11-18,7
1415,913,2024-08-08,12
1416,285,2024-04-12,14
1417,219,2024-11-29,14
1418,429,2025-06-21,11
1419,431,2025-05-09,9
1420,793,2025-06-05,8
1421,978,2025-05-12,9
1422,693,2024-02-16,2
1423,288,2024-07-03,6
1424,914,2024-11-12,15
1425,954,2024-05-10,1
1426,980,2024-07-09,8
1427,662,2024-01-26,13
1428,239,2025-04-01,9
1429,312,2024-07-15,1
1430,214,2025-01-22,1
1431,571,2024-08-25,15
1432,641,2024-08-09,13
1433,965,2024-02-03,13
1434,765,2024-11-18,9
1435,1054,2024-12-04,2
1436,390,2025-02-01,8
1437,878,2024-01-17,15
1438,857,2024-02-26,15
1439,605,2025-01-04,13
1440,354,2025-01-14,8
1441,552,2025-04-05,15
1442,1034,2024-02-18,11
1443,306,2025-03-30,10
1444,638,2025-05-31,3
1445,47,2025-04-27,1
1446,663,2024-12-22,11
1447,779,2024-06-20,9
1448,820,2024-12-04,1
1449,1068,2025-05-02,6
1450,535,2024-03-08,6
1451,1041,2024-05-18,14
1452,31,2024-04-13,6
1453,599,2024-07-21,14
1454,261,2025-06-15,15
1455,1169,2024-11-05,15
1456,175,2025-04-22,7
1457,991,2024-10-03,2
1458,268,2024-12-07,13
1459,88,2024-07-17,6
1460,724,2025-03-15,13
1461,968,2025-02-19,1
1462,746,2024-01-07,12
1463,274,2024-03-30,1
1464,949,2024-12-14,1
1465,1188,2024-01-02,8
1466,10,2025-07-06,6
1467,639,2025-03-12,2
1468,984,2024-07-23,9
1469,791,2024-07-14,13
1470,1021,2024-12-09,3
1471,313,2024-07-01,14
1472,253,2024-10-19,8
1473,1039,2024-01-29,12
1474,56,2024-02-01,1
1475,499,2025-01-16,7
1476,297,2024-05-10,6
1477,1062,2025-07-02,7
1478,195,2025-06-12,12
1479,582,2024-09-10,4
1480,364,2025-04-13,3
1481,1164,2024-04-22,12
1482,220,2024-04-11,2
1483,434,2024-04-02,3
1484,1155,2025-03-01,2
1485,811,2025-01-04,1
1486,1170,2025-05-29,10
1487,950,2025-03-11,8
1488,1021,2024-08-27,3
1489,1092,2025-05-02,10
1490,221,2024-12-22,1
1491,131,2024-06-05,11
1492,1154,2024-07-09,4
1493,790,2025-02-28,14
1494,5,2025-05-05,15
1495,702,2025-01-09,4
1496,455,2025-03-17,13
1497,488,2025-05-09,13
1498,398,2025-04-26,15
1499,1105,2025-03-04,14
1500,682,2025-04-14,8
1501,645,2024-02-20,7
1502,38,2025-01-16,4
1503,388,2024-12-29,7
1504,669,2024-07-28,15
1505,647,2025-06-23,5
1506,981,2024-09-24,4
1507,712,2025-01-22,7
1508,59,2025-05-27,7
1509,11,2024-09-11,13
1510,103,2024-03-30,12
1511,1106,2024-03-28,11
1512,644,2024-04-25,13
1513,133,2025-01-30,3
1514,894,2025-02-28,13
1515,844,2025-03-15,1
1516,200,2024-07-22,2
1517,393,2024-01-06,2
1518,220,2024-04-27,2
1519,1130,2024-08-06,15
1520,546,2024-08-13,5
1521,700,2025-06-01,6
1522,1027,2024-12-11,2
1523,836,2024-04-25,3
1524,136,2024-08-23,5
1525,444,2024-11-14,9
1526,179,2024-11-18,6
1527,171,2024-11-04,7
1528,1149,2024-04-30,5
1529,174,2024-01-18,7
1530,350,2025-03-03,13
1531,402,2025-06-09,2
1532,432,2024-03-20,5
1533,84,2024-07-04,14
1534,557,2025-03-16,2
1535,975,2025-05-17,1
1536,668,2024-11-15,4
1537,325,2024-02-09,7
1538,161,2024-03-12,15
1539,760,2024-11-07,10
1540,56,2024-01-17,1
1541,570,2025-07-05,1
1542,593,2025-06-02,11
1543,112,2025-04-18,11
1544,558,2024-08-16,9
1545,1107,2025-06-21,9
1546,1101,2024-08-21,11
1547,534,2024-06-10,5
1548,551,2024-02-26,15
1549,11,2025-04-15,13
1550,753,2025-03-30,9
1551,531,2024-03-12,9
1552,1172,2024-05-07,1
1553,863,2025-06-29,5
1554,719,2024-06-02,15
1555,1157,2024-05-05,4
1556,978,2024-09-01,9
1557,944,2024-04-29,14
1558,30,2024-09-01,15
1559,1041,2025-02-22,14
1560,1053,2025-05-17,11
1561,109,2025-06-23,5
1562,473,2025-02-05,13
1563,597,2025-05-23,7
1564,889,2024-01-11,8
1565,1024,2024-02-28,12
1566,1025,2024-11-26,7
1567,641,2025-02-05,13
1568,1053,2024-12-18,11
1569,713,2024-10-15,7
1570,512,2024-04-13,5
1571,573,2024-04-27,1
1572,892,2024-11-05,9
1573,954,2024-04-21,1
1574,525,2024-09-20,8
1575,90,2025-02-20,1
1576,435,2025-05-31,8
1577,462,2025-06-11,12
1578,198,2024-12-19,3
1579,171,2024-06-22,7
1580,578,2024-11-26,1
1581,708,2025-01-24,15
1582,713,2025-04-22,7
1583,1200,2025-04-27,12
1584,1044,2024-07-12,5
1585,279,2024-04-11,8
1586,3,2024-10-20,2
1587,619,2024-03-06,1
1588,299,2024-05-03,12
1589,1140,2024-11-18,9
1590,806,2025-01-02,7
1591,377,2024-05-03,9
1592,670,2024-01-25,12
1593,583,2024-01-01,7
1594,57,2024-10-16,11
1595,824,2025-01-29,3
1596,426,2025-01-18,4
1597,483,2024-08-04,12
1598,123,2025-07-11,5
1599,135,2024-06-17,1
1600,790,2024-06-19,14
1601,346,2024-06-16,7
1602,454,2025-06-07,4
1603,565,2024-03-09,6
1604,178,2024-05-30,9
1605,1068,2024-11-03,6
1606,1037,2025-01-22,15
1607,398,2024-11-30,15
1608,75,2025-02-04,3
1609,949,2024-03-10,1
1610,303,2024-05-09,12
1611,1039,2024-06-20,12
1612,781,2025-04-25,13
1613,354,2024-09-18,8
1614,998,2025-01-03,2
1615,986,2024-07-13,9
1616,919,2024-02-21,10
1617,277,2025-05-08,4
1618,433,2024-12-28,1
1619,745,2024-04-28,13
1620,1133,2024-08-07,14
1621,69,2024-09-21,6
1622,637,2025-01-09,10
1623,601,2025-04-20,13
1624,282,2024-06-17,8
1625,739,2025-03-04,9
1626,110,2025-05-09,5
1627,512,2024-11-11,5
1628,356,2025-05-19,7
1629,151,2024-05-07,6
1630,659,2024-04-05,13
1631,653,2025-04-17,10
1632,75,2025-03-25,3
1633,688,2025-01-13,11
1634,216,2024-12-13,10
1635,989,2025-03-27,15
1636,226,2025-03-22,1
1637,357,2024-04-24,10
1638,115,2025-02-17,7
1639,120,2024-05-27,2
1640,1067,2024-07-21,6
1641,396,2024-03-06,12
1642,9,2025-02-04,8
1643,803,2024-02-07,10
1644,535,2024-11-06,6
1645,1184,2024-06-15,5
1646,965,2025-02-20,13
1647,104,2025-01-13,8
1648,290,2024-05-23,14
1649,120,2024-08-06,2
1650,916,2025-03-29,1
1651,827,2024-10-31,12
1652,68,2024-10-09,5
1653,239,2024-02-01,9
1654,267,2024-03-14,8
1655,1027,2025-01-06,2
1656,57,2024-11-18,11
1657,332,2024-10-19,5
1658,675,2024-06-12,3
1659,270,2024-04-02,1
1660,157,2024-10-24,6
1661,1044,2025-06-10,5
1662,640,2024-05-04,12
1663,829,2024-12-11,10
1664,693,2025-02-28,2
1665,120,2024-10-08,2
1666,720,2024-08-20,7
1667,446,2025-01-28,15
1668,1104,2024-02-16,10
1669,275,2024-06-17,14
1670,268,2025-07-11,13
1671,1034,2024-10-16,11
1672,934,2024-02-14,3
1673,485,2024-07-16,11
1674,13,2024-12-15,11
1675,1006,2024-11-21,1
1676,39,2024-02-21,7
1677,315,2024-02-14,3
1678,1200,2024-10-13,12
1679,1069,2025-02-05,9
1680,464,2025-02-21,3
1681,946,2024-02-25,9
1682,425,2025-04-24,3
1683,1048,2024-02-20,5
1684,870,2025-06-10,5
1685,757,2024-11-27,10
1686,961,2024-06-05,14
1687,162,2024-07-31,1
1688,1188,2024-01-23,8
1689,411,2024-10-09,11
1690,11,2025-04-24,13
1691,1033,2024-04-04,8
1692,1158,2025-02-20,11
1693,343,2024-01-21,8
1694,928,2024-03-21,12
1695,1196,2024-12-15,15
1696,694,2024-03-31,6
1697,438,2024-07-31,14
1698,666,2025-03-16,8
1699,1170,2024-12-04,10
1700,703,2024-01-17,4
1701,695,2024-09-22,10
1702,224,2025-04-28,8
1703,666,2024-04-27,8
1704,236,2025-01-06,1
1705,998,2024-11-19,2
1706,13,2024-09-16,11
1707,310,2024-08-03,7
1708,827,2024-02-04,12
1709,880,2024-04-18,4
1710,128,2024-04-28,14
1711,178,2025-01-16,9
1712,553,2025-04-30,8
1713,773,2025-04-06,8
1714,923,2025-03-26,9
1715,435,2024-11-10,8
1716,250,2025-02-06,5
1717,397,2025-03-27,5
1718,1171,2024-03-03,1
1719,220,2024-12-14,2
1720,905,2024-05-15,15
1721,518,2024-04-25,12
1722,92,2024-11-04,6
1723,455,2024-09-23,13
1724,1121,2025-06-06,11
1725,295,2024-02-27,12
1726,474,2024-11-12,4
1727,1020,2024-05-10,4
1728,873,2024-08-05,9
1729,300,2025-02-15,2
1730,1129,2025-01-16,1
1731,191,2024-12-07,2
1732,930,2024-03-16,1
1733,154,2024-03-30,13
1734,539,2025-04-26,7
1735,578,2024-05-15,1
1736,1074,2024-04-11,10
1737,619,2024-08-20,1
1738,665,2025-01-13,1
1739,597,2025-01-30,7
1740,544,2024-05-09,7
1741,93,2024-05-07,5
1742,216,2024-06-02,10
1743,1102,2025-03-24,9
1744,75,2025-03-02,3
1745,312,2024-08-25,1
1746,581,2024-10-02,3
1747,281,2024-05-02,10
1748,630,2025-04-11,12
1749,1008,2024-10-25,10
1750,158,2024-01-02,11
1751,490,2025-01-05,1
1752,130,2025-05-05,2
1753,956,2024-08-18,8
1754,603,2024-11-29,1
1755,228,2024-03-07,12
1756,542,2024-03-20,2
1757,254,2025-01-25,12
1758,100,2024-08-10,10
1759,720,2025-01-24,7
1760,476,2024-04-17,13
1761,1172,2024-01-15,1
1762,952,2024-12-14,8
1763,129,2025-07-02,14
1764,560,2024-12-05,1
1765,399,2024-09-27,6
1766,149,2024-03-09,6
1767,924,2024-08-13,3
1768,298,2024-04-06,15
1769,85,2025-06-09,3
1770,519,2024-10-01,8
1771,574,2025-07-10,12
1772,323,2024-08-23,15
1773,317,2025-07-04,8
1774,840,2024-02-20,10
1775,1171,2024-06-30,1
1776,27,2024-11-12,7
1777,72,2024-07-13,5
1778,477,2024-01-20,5
1779,997,2025-06-16,9
1780,496,2024-03-06,8
1781,492,2024-07-29,12
1782,119,2025-02-11,7
1783,183,2025-05-12,14
1784,456,2025-03-31,8
1785,415,2024-02-23,4
1786,464,2024-06-27,3
1787,1051,2024-02-17,10
1788,1015,2024-07-24,7
1789,150,2024-05-09,12
1790,187,2025-01-25,7
1791,405,2024-03-03,4
1792,666,2024-11-26,8
1793,186,2025-05-08,4
1794,914,2025-04-21,15
1795,1092,2024-04-21,10
1796,1030,2025-06-28,8
1797,476,2025-06-08,13
1798,1031,2025-06-05,5
1799,914,2024-12-20,15
1800,426,2024-06-22,4
1801,864,2024-04-13,5
1802,3,2024-09-29,2
1803,810,2024-07-11,1
1804,9,2025-03-11,8
1805,749,2024-08-15,12
1806,1034,2024-08-01,11
1807,34,2024-07-18,4
1808,494,2024-06-15,12
1809,844,2025-04-21,1
1810,611,2024-08-10,6
1811,948,2025-04-18,10
1812,1013,2025-02-02,10
1813,965,2024-02-16,13
1814,186,2024-10-09,4
1815,612,2024-07-19,9
1816,671,2024-03-31,2
1817,761,2025-04-21,9
1818,662,2024-09-23,13
1819,920,2024-12-28,3
1820,493,2024-09-02,8
1821,380,2025-01-22,8
1822,158,2025-01-15,11
1823,482,2024-05-19,12
1824,324,2024-01-09,7
1825,1154,2024-07-06,4
1826,1146,2024-04-08,4
1827,177,2024-02-15,7
1828,62,2024-02-22,15
1829,740,2024-11-15,7
1830,1125,2024-07-04,3
1831,436,2024-08-10,9
1832,344,2025-06-06,8
1833,855,2025-04-20,7
1834,1193,2024-10-07,2
1835,807,2025-03-30,2
1836,385,2024-07-20,12
1837,73,2025-05-22,12
1838,686,2025-03-01,10
1839,712,2024-04-17,7
1840,453,2025-05-17,1
1841,1139,2025-02-18,5
1842,637,2024-08-01,10
1843,360,2024-04-24,12
1844,867,2024-01-24,7
1845,531,2024-05-21,9
1846,952,2024-05-08,8
1847,59,2025-02-25,7
1848,926,2024-05-23,1
1849,464,2024-09-21,3
1850,928,2025-03-15,12
1851,635,2024-08-30,10
1852,950,2025-06-21,8
1853,981,2024-02-26,4
1854,813,2024-10-22,3
1855,92,2025-03-22,6
1856,973,2024-12-07,11
1857,986,2024-12-13,9
1858,810,2024-08-19,1
1859,258,2024-05-26,1
1860,556,2024-11-15,1
1861,520,2024-08-07,1
1862,942,2025-03-05,5
1863,674,2024-03-14,12
1864,1169,2024-06-26,15
1865,321,2025-06-03,4
1866,766,2024-07-30,3
1867,695,2025-04-24,10
1868,859,2024-12-08,12
1869,949,2024-12-06,1
1870,1200,2024-04-30,12
1871,204,2025-01-31,3
1872,921,2024-01-12,11
1873,377,2025-04-19,9
1874,846,2025-05-30,5
1875,48,2025-05-12,12
1876,750,2024-06-01,6
1877,770,2025-06-29,8
1878,958,2024-06-29,15
1879,96,2024-06-05,6
1880,1080,2024-10-13,9
1881,629,2024-04-04,9
1882,1142,2025-04-27,7
1883,495,2024-05-14,6
1884,536,2024-07-25,9
1885,1135,2024-07-06,7
1886,754,2025-04-16,7
1887,397,2024-10-20,5
1888,350,2024-02-10,13
1889,420,2024-03-17,2
1890,900,2024-04-08,4
1891,12,2025-04-11,4
1892,606,2025-06-08,5
1893,740,2024-12-17,7
1894,530,2025-03-20,6
1895,109,2024-07-31,5
1896,651,2024-06-29,2
1897,972,2025-06-25,14
1898,349,2024-01-13,3
1899,1130,2025-05-24,15
1900,418,2024-07-25,1
1901,294,2024-12-18,10
1902,262,2024-02-03,9
1903,758,2024-06-27,10
1904,553,2025-06-19,8
1905,681,2025-05-18,12
1906,614,2024-09-10,14
1907,469,2024-07-27,14
1908,225,2025-06-06,14
1909,456,2025-03-17,8
1910,278,2024-10-10,14
1911,351,2024-12-17,13
1912,835,2025-03-17,3
1913,1063,2024-10-19,6
1914,439,2025-06-06,12
1915,816,2025-05-08,5
1916,1157,2024-05-13,4
1917,664,2024-05-18,13
1918,980,2024-09-19,8
1919,414,2024-09-05,13
1920,539,2024-06-21,7
1921,431,2025-05-09,9
1922,948,2025-03-25,10
1923,1169,2024-02-28,15
1924,319,2024-02-07,10
1925,357,2025-04-26,10
1926,940,2025-03-02,5
1927,1165,2024-09-07,2
1928,870,2024-01-28,5
1929,195,2024-05-24,12
1930,227,2025-05-02,3
1931,643,2024-07-06,4
1932,379,2024-02-09,2
1933,1158,2024-09-14,11
1934,463,2024-10-15,6
1935,114,2024-12-30,2
1936,184,2025-05-11,15
1937,760,2025-03-03,10
1938,113,2025-02-11,12
1939,1114,2024-03-27,14
1940,454,2024-11-13,4
1941,712,2024-01-30,7
1942,16,2024-05-12,1
1943,598,2024-09-03,6
1944,1102,2024-03-22,9
1945,699,2024-11-20,15
1946,909,2024-12-12,4
1947,343,2024-05-05,8
1948,286,2025-04-09,11
1949,843,2025-02-15,7
1950,1140,2024-07-22,9
1951,432,2024-06-15,5
1952,654,2025-01-31,14
1953,504,2024-08-24,3
1954,733,2025-01-23,15
1955,669,2024-05-19,15
1956,670,2025-07-01,12
1957,936,2024-03-21,15
1958,496,2024-05-01,8
1959,708,2025-03-31,15
1960,102,2024-03-05,14
1961,1126,2024-02-20,13
1962,916,2024-05-16,1
1963,1029,2025-06-11,10
1964,1090,2024-08-30,3
1965,476,2024-11-23,13
1966,565,2025-03-21,6
1967,202,2024-04-30,8
1968,342,2025-04-06,5
1969,927,2024-01-21,4
1970,1118,2024-06-14,15
1971,198,2024-03-09,3
1972,915,2025-05-24,13
1973,1042,2024-12-30,5
1974,506,2024-04-03,1
1975,1075,2024-09-13,7
1976,549,2025-01-16,4
1977,43,2024-01-18,11
1978,1101,2024-11-16,11
1979,621,2024-06-09,5
1980,1199,2025-03-02,15
1981,893,2024-10-28,7
1982,182,2024-08-08,5
1983,394,2025-06-05,5
1984,1083,2025-03-04,5
1985,970,2025-01-17,2
1986,402,2024-08-24,2
1987,1172,2024-01-21,1
1988,785,2024-10-10,15
1989,1193,2025-05-16,2
1990,458,2024-04-05,9
1991,1105,2024-07-19,14
1992,513,2025-02-28,1
1993,396,2025-03-20,12
1994,895,2024-07-11,13
1995,544,2024-09-14,7
1996,756,2025-03-03,8
1997,1063,2024-05-05,6
1998,652,2024-06-11,15
1999,521,2024-04-28,9
2000,1195,2025-02-08,1
2001,98,2025-06-11,4
2002,995,2024-05-07,6
2003,873,2025-04-20,9
2004,126,2025-06-23,6
2005,457,2025-02-17,3
2006,240,2024-10-16,5
2007,976,2025-01-04,14
2008,247,2024-04-27,7
2009,1143,2024-09-29,7
2010,1013,2025-01-18,10
2011,130,2024-11-21,2
2012,641,2025-01-13,13
2013,837,2025-04-19,9
2014,367,2024-09-19,13
2015,1195,2024-07-02,1
2016,1076,2024-09-14,2
2017,1088,2024-04-12,3
2018,387,2024-01-01,11
2019,658,2024-10-17,6
2020,241,2024-08-17,15
2021,423,2025-07-03,1
2022,647,2024-02-13,5
2023,270,2025-01-26,1
2024,558,2024-07-06,9
2025,183,2024-11-13,14
2026,244,2024-10-22,2
2027,165,2024-01-30,8
2028,959,2025-03-13,3
2029,1200,2025-05-12,12
2030,723,2025-07-03,5
2031,501,2024-04-18,10
2032,138,2024-06-12,4
2033,836,2024-03-22,3
2034,616,2024-05-01,10
2035,126,2024-06-18,6
2036,494,2025-03-02,12
2037,217,2024-05-09,6
2038,144,2024-03-10,2
2039,1119,2025-03-15,8
2040,1033,2025-05-05,8
2041,154,2024-06-06,13
2042,243,2024-10-20,1
2043,1070,2025-04-14,1
2044,90,2024-04-23,1
2045,641,2024-12-30,13
2046,155,2024-11-20,13
2047,31,2024-06-11,6
2048,1015,2025-06-12,7
2049,247,2024-07-02,7
2050,329,2024-02-27,10
2051,421,2024-01-09,5
2052,389,2024-01-29,8
2053,371,2024-08-05,3
2054,515,2024-02-19,5
2055,464,2024-08-31,3
2056,1173,2024-08-17,13
2057,891,2024-03-06,7
2058,409,2024-10-22,2
2059,22,2024-11-22,5
2060,822,2025-01-07,12
2061,440,2025-04-09,13
2062,562,2025-06-29,2
2063,536,2024-04-06,9
2064,170,2025-04-15,7
2065,1013,2024-02-06,10
2066,4,2025-04-07,11
2067,82,2025-05-03,12
2068,1196,2024-09-30,15
2069,7,2024-05-23,9
2070,124,2024-08-22,4
2071,702,2025-04-27,4
2072,505,2024-12-27,14
2073,419,2024-02-21,10
2074,380,2024-01-24,8
2075,99,2024-02-08,5
2076,1071,2024-01-29,15
2077,668,2024-11-09,4
2078,29,2025-05-31,12
2079,65,2024-02-19,11
2080,1025,2024-07-13,7
2081,182,2025-02-10,5
2082,31,2024-04-12,6
2083,352,2025-02-02,5
2084,12,2024-02-03,4
2085,613,2025-03-15,1
2086,198,2024-03-23,3
2087,83,2024-03-06,1
2088,540,2024-02-19,15
2089,1075,2024-03-27,7
2090,314,2024-01-26,8
2091,769,2024-06-07,1
2092,946,2024-11-22,9
2093,188,2024-03-15,6
2094,310,2024-10-01,7
2095,155,2024-05-08,13
2096,559,2024-01-31,15
2097,1078,2025-03-11,1
2098,566,2024-08-27,14
2099,946,2024-05-28,9
2100,1158,2024-12-25,11
2101,251,2024-01-15,15
2102,775,2024-01-03,6
2103,48,2024-12-22,12
2104,225,2024-07-11,14
2105,391,2025-06-21,11
2106,94,2025-02-04,5
2107,947,2024-03-11,11
2108,353,2025-05-26,15
2109,180,2024-06-06,9
2110,252,2025-06-03,2
2111,904,2024-08-12,15
2112,579,2024-04-09,11
2113,758,2024-12-25,10
2114,347,2024-01-28,7
2115,826,2024-06-08,9
2116,620,2024-08-26,1
2117,845,2024-01-25,3
2118,575,2024-02-27,6
2119,549,2025-03-30,4
2120,1110,2024-01-11,5
2121,780,2024-04-11,8
2122,1188,2024-06-26,8
2123,697,2024-06-07,7
2124,191,2024-12-06,2
2125,663,2025-01-17,11
2126,949,2024-03-09,1
2127,571,2024-03-23,15
2128,394,2024-09-27,5
2129,978,2025-05-21,9
2130,403,2024-04-29,12
2131,423,2024-02-29,1
2132,869,2024-01-15,2
2133,145,2024-09-30,2
2134,934,2024-09-12,3
2135,6,2024-05-12,10
2136,426,2024-07-22,4
2137,634,2024-12-23,4
2138,569,2024-07-22,2
2139,341,2024-03-23,6
2140,42,2024-12-12,8
2141,673,2024-01-06,13
2142,613,2024-09-12,1
2143,1055,2024-01-16,5
2144,183,2025-04-03,14
2145,764,2024-02-06,8
2146,1155,2024-05-03,2
2147,1083,2025-06-30,5
2148,498,2024-07-31,13
2149,211,2024-01-21,4
2150,1186,2025-06-09,9
2151,862,2025-02-15,15
2152,481,2024-04-01,3
2153,47,2024-07-17,1
2154,683,2024-07-10,11
2155,562,2024-04-25,2
2156,985,2025-04-13,13
2157,1062,2024-12-04,7
2158,216,2024-10-27,10
2159,588,2024-10-23,6
2160,560,2024-04-10,1
2161,1067,2025-05-30,6
2162,400,2024-04-25,12
2163,286,2024-04-09,11
2164,748,2024-10-03,13
2165,565,2025-03-28,6
2166,1188,2025-05-01,8
2167,378,2025-04-16,8
2168,946,2025-02-04,9
2169,171,2025-04-01,7
2170,306,2024-02-03,10
2171,353,2025-02-20,15
2172,1139,2024-08-15,5
2173,1158,2024-03-29,11
2174,539,2025-03-09,7
2175,748,2024-10-23,13
2176,703,2025-02-06,4
2177,303,2024-11-22,12
2178,1055,2025-06-22,5
2179,154,2024-01-14,13
2180,357,2024-11-24,10
2181,731,2025-01-07,14
2182,288,2024-01-17,6
2183,411,2025-06-11,11
2184,394,2024-03-02,5
2185,891,2024-05-02,7
2186,147,2024-04-17,9
2187,253,2024-09-24,8
2188,340,2025-06-24,14
2189,1067,2025-02-09,6
2190,227,2025-05-27,3
2191,208,2025-05-26,11
2192,93,2024-07-30,5
2193,621,2024-05-31,5
2194,746,2024-01-25,12
2195,428,2024-02-18,11
2196,790,2024-08-08,14
2197,485,2024-02-18,11
2198,398,2025-02-06,15
2199,1113,2024-10-04,3
2200,415,2024-03-16,4
2201,584,2024-05-25,3
2202,292,2024-03-29,10
2203,262,2024-01-23,9
2204,54,2025-06-02,1
2205,794,2025-01-17,6
2206,832,2025-05-31,9
2207,499,2024-07-03,7
2208,570,2024-04-20,1
2209,198,2024-02-27,3
2210,24,2024-09-23,14
2211,648,2024-12-23,12
2212,7,2025-03-11,9
2213,290,2025-01-27,14
2214,835,2025-07-11,3
2215,713,2024-08-05,7
2216,127,2024-01-23,2
2217,573,2024-08-21,1
2218,732,2024-11-22,4
2219,1181,2025-04-11,4
2220,1081,2025-05-13,2
2221,704,2024-09-04,4
2222,601,2024-10-06,13
2223,341,2025-04-26,6
2224,1038,2024-12-08,4
2225,827,2024-06-18,12
2226,387,2024-02-13,11
2227,161,2024-09-30,15
2228,401,2024-02-04,1
2229,40,2024-11-04,10
2230,791,2025-04-27,13
2231,419,2024-03-16,10
2232,1183,2024-02-27,1
2233,899,2024-06-03,9
2234,459,2024-04-08,1
2235,783,2024-03-29,12
2236,1163,2025-02-22,13
2237,897,2024-09-18,1
2238,156,2024-01-06,3
2239,982,2025-04-23,12
2240,679,2024-10-05,6
2241,662,2025-06-19,13
2242,403,2025-06-23,12
2243,716,2025-06-03,14
2244,771,2024-02-25,5
2245,463,2024-04-25,6
2246,978,2024-12-28,9
2247,450,2024-05-02,12
2248,1184,2024-02-12,5
2249,1165,2024-01-18,2
2250,414,2024-06-08,13
2251,398,2025-02-17,15
2252,99,2024-05-20,5
2253,1186,2024-06-26,9
2254,1156,2024-10-02,4
2255,296,2025-02-23,14
2256,886,2024-07-08,10
2257,836,2024-01-05,3
2258,204,2025-07-11,3
2259,137,2024-10-10,14
2260,712,2024-12-25,7
2261,222,2024-11-14,8
2262,250,2024-04-09,5
2263,1017,2024-09-17,11
2264,212,2024-12-29,10
2265,478,2025-02-08,12
2266,582,2024-10-24,4
2267,507,2024-12-20,3
2268,116,2025-05-16,11
2269,679,2025-06-27,6
2270,182,2024-02-05,5
2271,382,2024-08-22,15
2272,516,2025-03-16,15
2273,1022,2025-06-10,14
2274,61,2024-03-01,12
2275,841,2024-07-10,14
2276,734,2024-09-30,3
2277,81,2025-02-02,13
2278,333,2024-08-30,5
2279,819,2024-04-24,13
2280,847,2024-02-21,12
2281,286,2024-07-25,11
2282,954,2025-06-27,1
2283,551,2024-12-17,15
2284,304,2024-04-07,7
2285,1155,2024-07-11,2
2286,99,2024-11-08,5
2287,1148,2024-07-17,10
2288,949,2024-04-11,1
2289,986,2025-03-07,9
2290,1089,2025-01-09,3
2291,450,2024-09-20,12
2292,89,2024-09-23,11
2293,699,2024-04-28,15
2294,1113,2024-11-03,3
2295,598,2025-03-22,6
2296,952,2025-01-14,8
2297,649,2024-02-04,13
2298,829,2025-05-09,10
2299,669,2025-03-19,15
2300,206,2025-01-11,2
2301,512,2024-07-31,5
2302,355,2024-09-04,13
2303,139,2024-05-22,9
2304,156,2024-07-20,3
2305,652,2024-07-05,15
2306,926,2025-06-28,1
2307,786,2025-03-13,14
2308,397,2025-03-09,5
2309,136,2024-10-04,5
2310,892,2024-02-11,9
2311,946,2024-07-19,9
2312,255,2024-11-25,2
2313,90,2025-02-16,1
2314,933,2025-03-17,15
2315,58,2025-05-03,9
2316,587,2024-03-02,12
2317,746,2024-12-31,12
2318,872,2024-12-23,10
2319,450,2025-03-11,12
2320,143,2025-03-15,1
2321,27,2024-04-21,7
2322,701,2025-01-07,6
2323,1002,2024-11-15,13
2324,1031,2024-04-18,5
2325,420,2024-07-02,2
2326,12,2025-03-14,4
2327,1144,2024-03-17,7
2328,69,2024-09-15,6
2329,521,2024-04-06,9
2330,855,2024-06-19,7
2331,476,2024-03-24,13
2332,295,2024-09-21,12
2333,671,2025-03-16,2
2334,482,2024-09-01,12
2335,29,2024-09-11,12
2336,517,2025-05-14,14
2337,42,2024-01-01,8
2338,1167,2025-01-13,13
2339,156,2024-11-13,3
2340,25,2025-05-21,1
2341,543,2024-07-14,13
2342,54,2024-05-06,1
2343,574,2025-02-13,12
2344,632,2024-10-21,5
2345,740,2024-02-08,7
2346,857,2024-01-21,15
2347,392,2024-12-24,12
2348,1059,2025-01-13,7
2349,857,2024-09-22,15
2350,419,2024-10-13,10
2351,1197,2024-07-08,2
2352,382,2025-07-12,15
2353,731,2024-03-21,14
2354,1165,2024-02-22,2
2355,760,2024-12-10,10
2356,1134,2024-10-11,4
2357,495,2024-02-20,6
2358,1120,2024-08-20,7
2359,123,2024-02-12,5
2360,115,2024-02-05,7
2361,908,2025-04-20,15
2362,790,2024-05-29,14
2363,691,2024-11-27,11
2364,169,2024-09-29,12
2365,385,2025-04-13,12
2366,357,2025-05-24,10
2367,379,2024-05-23,2
2368,194,2024-09-29,2
2369,912,2024-12-12,15
2370,561,2025-02-03,9
2371,625,2025-06-27,1
2372,276,2025-06-13,12
2373,1014,2025-04-03,14
2374,204,2024-11-20,3
2375,823,2025-02-01,10
2376,1089,2025-05-10,3
2377,370,2024-09-02,2
2378,705,2025-03-14,14
2379,12,2025-03-24,4
2380,353,2024-01-22,15
2381,291,2025-01-15,6
2382,717,2024-04-05,6
2383,606,2024-06-04,5
2384,874,2024-02-23,15
2385,1196,2024-10-07,15
2386,58,2024-08-04,9
2387,153,2024-11-22,7
2388,834,2024-12-14,8
2389,417,2024-07-12,7
2390,847,2024-04-02,12
2391,956,2024-09-17,8
2392,526,2024-10-09,5
2393,1033,2024-05-05,8
2394,482,2025-01-10,12
2395,870,2025-04-25,5
2396,868,2024-04-06,7
2397,445,2024-09-19,10
2398,571,2024-06-25,15
2399,926,2025-05-11,1
2400,509,2024-10-30,2
2401,954,2024-04-06,1
2402,92,2025-02-25,6
2403,364,2024-05-11,3
2404,531,2024-04-06,9
2405,845,2024-11-29,3
2406,301,2024-01-18,12
2407,560,2024-08-30,1
2408,157,2024-11-12,6
2409,3,2024-01-23,2
2410,961,2025-03-27,14
2411,929,2024-08-08,12
2412,637,2025-06-14,10
2413,823,2024-06-14,10
2414,210,2024-07-17,3
2415,313,2024-01-28,14
2416,1099,2024-05-23,2
2417,690,2024-06-11,5
2418,721,2024-09-10,1
2419,354,2024-04-12,8
2420,770,2024-11-22,8
2421,371,2024-11-10,3
2422,42,2024-07-19,8
2423,306,2024-08-29,10
2424,13,2024-02-28,11
2425,284,2024-11-05,9
2426,258,2024-05-20,1
2427,1002,2024-11-12,13
2428,609,2024-10-03,6
2429,175,2025-04-26,7
2430,249,2025-03-17,3
2431,1146,2024-07-01,4
2432,55,2024-10-25,3
2433,541,2024-04-29,8
2434,324,2025-01-26,7
2435,99,2025-07-04,5
2436,688,2024-08-15,11
2437,507,2024-08-09,3
2438,94,2025-04-14,5
2439,242,2025-03-22,12
2440,548,2025-04-24,6
2441,1027,2024-12-27,2
2442,377,2024-10-19,9
2443,1019,2025-06-27,11
2444,819,2024-12-27,13
2445,617,2024-09-18,9
2446,1168,2024-12-23,2
2447,879,2024-07-05,15
2448,657,2025-01-02,4
2449,270,2025-02-28,1
2450,1195,2025-04-17,1
2451,72,2024-08-17,5
2452,690,2024-02-13,5
2453,259,2024-06-01,7
2454,986,2024-11-12,9
2455,331,2024-12-02,7
2456,401,2024-04-07,1
2457,449,2024-11-08,14
2458,928,2025-01-30,12
2459,892,2025-03-15,9
2460,1072,2024-09-19,2
2461,58,2024-04-22,9
2462,609,2024-08-14,6
2463,839,2024-04-22,12
2464,888,2024-10-13,4
2465,802,2025-01-14,2
2466,299,2025-06-23,12
2467,116,2024-11-05,11
2468,914,2024-04-07,15
2469,213,2025-02-24,10
2470,814,2025-05-25,2
2471,716,2025-05-25,14
2472,1,2025-04-11,4
2473,1070,2025-07-07,1
2474,311,2025-01-12,2
2475,506,2024-12-08,1
2476,228,2024-06-14,12
2477,537,2024-03-16,2
2478,634,2024-09-24,4
2479,988,2025-04-12,2
2480,780,2024-01-15,8
2481,943,2024-11-24,5
2482,450,2024-07-19,12
2483,206,2025-01-05,2
2484,231,2024-07-17,5
2485,22,2024-06-26,5
2486,629,2024-04-30,9
2487,150,2024-05-17,12
2488,752,2025-02-15,2
2489,1046,2024-02-11,6
2490,1010,2025-01-11,2
2491,589,2024-10-18,5
2492,1102,2025-06-18,9
2493,161,2025-01-16,15
2494,36,2024-01-19,8
2495,1070,2025-03-29,1
2496,218,2024-04-05,3
2497,560,2024-12-01,1
2498,77,2025-03-19,4
2499,449,2024-04-28,14
2500,604,2024-07-18,4
2501,45,2024-09-21,10
2502,181,2024-07-10,6
2503,254,2025-02-25,12
2504,993,2024-07-06,3
2505,1017,2024-09-25,11
2506,438,2024-01-30,14
2507,406,2024-03-31,1
2508,115,2024-10-04,7
2509,1161,2025-05-05,8
2510,1047,2024-08-24,14
2511,915,2024-12-02,13
2512,112,2024-06-28,11
2513,535,2025-04-07,6
2514,1129,2025-05-13,1
2515,1139,2024-05-28,5
2516,1135,2024-02-04,7
2517,829,2024-07-23,10
2518,304,2024-05-27,7
2519,168,2025-05-09,5
2520,12,2024-11-09,4
2521,793,2024-03-07,8
2522,1048,2025-01-01,5
2523,907,2024-02-03,11
2524,336,2024-03-04,3
2525,203,2024-06-02,12
2526,442,2025-05-10,3
2527,1075,2024-07-20,7
2528,90,2024-01-11,1
2529,456,2024-06-10,8
2530,896,2024-05-09,13
2531,1126,2024-05-12,13
2532,489,2024-05-15,5
2533,834,2025-01-02,8
2534,902,2025-01-16,13
2535,461,2024-10-21,11
2536,1131,2025-06-16,7
2537,1055,2025-06-23,5
2538,593,2024-08-31,11
2539,147,2025-06-21,9
2540,805,2025-01-12,13
2541,446,2025-05-06,15
2542,237,2024-03-08,2
2543,452,2024-04-14,13
2544,912,2024-01-08,15
2545,113,2025-01-20,12
2546,821,2024-03-08,10
2547,610,2025-06-17,5
2548,956,2025-03-12,8
2549,423,2024-01-02,1
2550,355,2025-01-26,13
2551,432,2025-05-17,5
2552,929,2024-05-18,12
2553,120,2024-03-12,2
2554,745,2024-02-12,13
2555,1062,2025-06-12,7
2556,363,2024-05-17,8
2557,1144,2024-12-30,7
2558,667,2024-11-09,11
2559,21,2025-01-22,12
2560,508,2024-12-07,7
2561,1135,2024-02-11,7
2562,391,2025-05-26,11
2563,1185,2024-05-23,8
2564,308,2025-02-01,3
2565,172,2025-05-13,9
2566,653,2025-05-08,10
2567,981,2024-05-18,4
2568,697,2025-04-28,7
2569,801,2024-12-06,7
2570,157,2024-12-17,6
2571,249,2024-08-02,3
2572,711,2025-03-04,7
2573,959,2024-09-01,3
2574,470,2025-03-02,12
2575,746,2024-03-04,12
2576,319,2025-01-17,10
2577,962,2024-09-07,9
2578,325,2025-06-23,7
2579,456,2025-05-02,8
2580,471,2024-05-20,6
2581,703,2024-03-14,4
2582,1046,2024-10-23,6
2583,198,2024-06-29,3
2584,538,2025-06-07,13
2585,806,2024-04-07,7
2586,1161,2024-04-15,8
2587,41,2024-01-28,8
2588,1123,2024-10-14,2
2589,452,2024-03-19,13
2590,436,2024-06-14,9
2591,1082,2024-01-26,1
2592,129,2024-08-28,14
2593,597,2024-09-22,7
2594,72,2025-03-24,5
2595,265,2024-08-25,1
2596,942,2025-01-17,5
2597,1138,2025-04-23,11
2598,291,2024-01-27,6
2599,485,2025-06-29,11
2600,681,2025-04-06,12
2601,4,2024-02-24,11
2602,1047,2024-12-10,14
2603,959,2024-06-06,3
2604,350,2024-02-19,13
2605,873,2025-04-13,9
2606,446,2024-10-07,15
2607,356,2025-06-06,7
2608,990,2024-04-21,10
2609,1181,2024-01-24,4
2610,397,2024-12-03,5
2611,556,2024-02-11,1
2612,867,2024-06-06,7
2613,203,2025-03-01,12
2614,416,2024-10-31,2
2615,703,2024-06-20,4
2616,1004,2025-04-05,2
2617,922,2024-02-24,14
2618,790,2024-10-29,14
2619,546,2024-11-03,5
2620,1074,2024-04-16,10
2621,254,2025-05-17,12
2622,1192,2025-04-07,11
2623,90,2024-08-05,1
2624,955,2025-04-18,12
2625,1001,2024-07-11,9
2626,938,2024-07-08,6
2627,382,2025-06-22,15
2628,1193,2025-07-06,2
2629,1196,2024-07-20,15
2630,298,2025-05-08,15
2631,11,2024-03-06,13
2632,64,2025-03-03,6
2633,326,2025-06-12,7
2634,428,2025-06-16,11
2635,475,2024-04-13,8
2636,799,2025-05-23,13
2637,1137,2025-02-21,2
2638,419,2025-05-16,10
2639,294,2025-04-08,10
2640,95,2025-02-12,7
2641,900,2024-05-14,4
2642,1055,2025-05-10,5
2643,170,2024-10-14,7
2644,492,2024-03-05,12
2645,121,2024-10-27,3
2646,40,2024-12-04,10
2647,350,2024-12-30,13
2648,341,2024-11-08,6
2649,764,2025-03-13,8
2650,1161,2024-01-24,8
2651,1020,2025-03-23,4
2652,37,2024-08-27,9
2653,605,2025-06-21,13
2654,4,2025-03-13,11
2655,1179,2024-02-16,10
2656,238,2024-11-11,14
2657,937,2024-10-03,8
2658,148,2025-06-24,4
2659,129,2024-02-28,14
2660,69,2024-09-15,6
2661,334,2024-04-08,10
2662,917,2025-02-09,2
2663,579,2024-08-10,11
2664,233,2025-02-25,6
2665,425,2025-05-19,3
2666,367,2024-02-06,13
2667,668,2025-01-30,4
2668,66,2024-02-04,13
2669,339,2024-12-24,4
2670,376,2024-01-10,13
2671,665,2024-05-27,1
2672,952,2024-03-18,8
2673,978,2024-07-29,9
2674,68,2024-05-20,5
2675,310,2024-04-25,7
2676,689,2025-02-10,14
2677,1052,2024-02-15,13
2678,166,2024-07-17,11
2679,399,2024-02-10,6
2680,339,2024-04-12,4
2681,740,2024-12-16,7
2682,35,2024-11-14,12
2683,687,2024-05-28,11
2684,1050,2024-11-22,4
2685,888,2024-01-06,4
2686,155,2024-09-09,13
2687,1043,2024-01-27,8
2688,674,2024-10-29,12
2689,600,2025-02-15,6
2690,412,2025-03-28,3
2691,318,2024-10-22,12
2692,634,2024-08-07,4
2693,958,2024-06-27,15
2694,334,2025-02-24,10
2695,509,2024-01-25,2
2696,900,2024-03-16,4
2697,892,2025-01-24,9
2698,852,2024-06-28,3
2699,654,2025-04-16,14
2700,17,2025-05-20,15
2701,609,2024-12-21,6
2702,976,2024-05-12,14
2703,1004,2024-08-08,2
2704,297,2025-05-15,6
2705,1184,2025-01-18,5
2706,577,2024-08-23,8
2707,1137,2024-09-11,2
2708,709,2025-07-02,3
2709,1130,2025-01-08,15
2710,588,2024-08-27,6
2711,240,2024-05-15,5
2712,621,2024-11-17,5
2713,456,2024-05-20,8
2714,9,2024-10-31,8
2715,512,2024-04-09,5
2716,723,2024-05-29,5
2717,206,2024-12-16,2
2718,738,2025-05-07,7
2719,1028,2024-01-08,11
2720,54,2025-03-21,1
2721,278,2024-09-14,14
2722,154,2025-07-02,13
2723,285,2024-08-18,14
2724,226,2024-07-29,1
2725,1031,2024-05-20,5
2726,743,2024-10-05,14
2727,335,2024-09-03,11
2728,47,2025-07-09,1
2729,1140,2025-06-22,9
2730,791,2024-11-18,13
2731,1153,2024-02-16,4
2732,236,2025-06-08,1
2733,862,2025-06-03,15
2734,55,2025-02-21,3
2735,989,2024-09-04,15
2736,1069,2025-04-09,9
2737,495,2024-11-02,6
2738,996,2024-06-23,14
2739,651,2024-05-06,2
2740,64,2024-07-07,6
2741,131,2024-10-18,11
2742,880,2025-01-21,4
2743,840,2024-02-11,10
2744,317,2025-06-30,8
2745,493,2024-07-19,8
2746,872,2025-04-19,10
2747,984,2025-06-02,9
2748,298,2024-04-22,15
2749,274,2025-04-13,1
2750,916,2024-09-10,1
2751,897,2025-02-09,1
2752,120,2025-03-02,2
2753,499,2024-07-11,7
2754,69,2025-01-27,6
2755,788,2025-01-17,9
2756,425,2025-01-07,3
2757,453,2024-07-28,1
2758,108,2024-10-27,6
2759,696,2024-12-07,4
2760,345,2024-01-20,9
2761,1057,2024-06-05,4
2762,582,2024-08-26,4
2763,990,2024-02-08,10
2764,245,2024-09-25,6
2765,147,2025-01-20,9
2766,447,2024-03-23,8
2767,63,2024-01-18,13
2768,974,2024-10-19,12
2769,1143,2025-01-18,7
2770,947,2024-01-24,11
2771,338,2025-03-21,8
2772,978,2024-05-22,9
2773,82,2024-01-02,12
2774,495,2024-03-22,6
2775,782,2024-06-07,8
2776,100,2024-11-12,10
2777,15,2024-08-29,10
2778,1033,2024-12-23,8
2779,527,2025-01-31,8
2780,596,2025-01-09,3
2781,321,2024-05-18,4
2782,44,2024-01-09,11
2783,977,2025-01-11,1
2784,570,2024-05-01,1
2785,285,2024-12-05,14
2786,394,2024-01-03,5
2787,298,2024-06-21,15
2788,798,2025-06-26,15
2789,426,2024-10-08,4
2790,1024,2025-07-07,12
2791,1001,2024-08-26,9
2792,741,2024-12-24,9
2793,448,2024-11-21,1
2794,425,2025-01-18,3
2795,660,2024-03-26,3
2796,346,2025-06-28,7
2797,645,2024-12-08,7
2798,971,2025-02-17,5
2799,960,2024-07-06,12
2800,44,2024-12-08,11
2801,553,2025-07-01,8
2802,240,2025-01-15,5
2803,843,2025-07-07,7
2804,196,2024-10-24,7
2805,54,2024-10-08,1
2806,44,2024-06-23,11
2807,261,2025-01-03,15
2808,6,2024-09-27,10
2809,217,2024-01-16,6
2810,508,2024-07-05,7
2811,517,2024-06-03,14
2812,964,2025-03-25,2
2813,1014,2024-06-08,14
2814,368,2024-05-23,1
2815,655,2024-01-24,1
2816,650,2025-04-06,4
2817,660,2024-10-30,3
2818,463,2024-05-23,6
2819,394,2025-01-12,5
2820,290,2024-12-16,14
2821,1064,2025-04-17,6
2822,286,2024-03-02,11
2823,986,2024-11-19,9
2824,946,2025-03-14,9
2825,621,2024-02-11,5
2826,1091,2025-01-25,10
2827,449,2025-02-02,14
2828,630,2024-02-15,12
2829,397,2025-06-07,5
2830,19,2024-09-29,6
2831,274,2024-04-19,1
2832,751,2024-11-27,11
2833,298,2025-02-10,15
2834,515,2024-01-25,5
2835,696,2025-03-05,4
2836,121,2025-02-05,3
2837,525,2024-01-19,8
2838,552,2024-04-02,15
2839,520,2024-08-09,1
2840,514,2025-01-28,15
2841,592,2025-04-20,11
2842,1087,2024-05-19,2
2843,741,2024-03-29,9
2844,1194,2024-04-05,2
2845,575,2025-03-15,6
2846,161,2025-06-11,15
2847,385,2024-02-03,12
2848,1013,2025-03-08,10
2849,711,2024-01-24,7
2850,880,2024-10-25,4
2851,57,2024-06-14,11
2852,588,2024-04-27,6
2853,1133,2024-08-11,14
2854,161,2024-09-21,15
2855,1055,2024-10-23,5
2856,799,2025-06-03,13
2857,646,2024-11-28,10
2858,571,2025-05-21,15
2859,233,2025-01-02,6
2860,1189,2024-12-07,4
2861,138,2024-08-22,4
2862,1089,2024-06-25,3
2863,2,2025-01-03,5
2864,762,2024-09-18,12
2865,35,2024-08-03,12
2866,164,2024-01-29,1
2867,630,2025-06-22,12
2868,545,2024-02-20,1
2869,674,2024-11-16,12
2870,549,2024-05-13,4
2871,1151,2024-01-07,8
2872,262,2024-07-14,9
2873,187,2025-05-03,7
2874,521,2024-05-01,9
2875,348,2025-02-02,11
2876,521,2025-01-08,9
2877,697,2024-07-11,7
2878,643,2025-02-07,4
2879,259,2025-06-03,7
2880,757,2024-03-22,10
2881,216,2025-04-12,10
2882,924,2024-05-18,3
2883,510,2025-05-04,15
2884,1160,2025-03-18,3
2885,716,2024-09-17,14
2886,543,2025-06-18,13
2887,329,2024-12-15,10
2888,327,2024-07-19,15
2889,580,2025-01-31,14
2890,678,2025-02-21,9
2891,531,2024-04-05,9
2892,961,2024-02-20,14
2893,138,2024-08-30,4
2894,339,2024-04-28,4
2895,1056,2025-01-20,12
2896,392,2025-04-28,12
2897,718,2024-06-25,15
2898,994,2024-09-06,14
2899,903,2025-03-07,6
2900,229,2025-03-16,8
2901,48,2024-10-24,12
2902,580,2025-06-20,14
2903,1197,2024-02-26,2
2904,744,2025-03-07,5
2905,618,2024-10-29,8
2906,761,2024-11-29,9
2907,318,2025-06-16,12
2908,419,2024-02-19,10
2909,1128,2025-07-02,11
2910,860,2025-02-05,15
2911,742,2024-10-02,2
2912,1049,2024-04-18,9
2913,806,2025-03-19,7
2914,1071,2024-02-23,15
2915,880,2024-06-10,4
2916,845,2025-05-26,3
2917,1150,2024-06-01,15
2918,1134,2025-05-04,4
2919,1072,2024-10-23,2
2920,522,2024-12-05,8
2921,377,2024-09-10,9
2922,369,2024-08-04,12
2923,1085,2024-03-20,6
2924,933,2024-11-02,15
2925,751,2025-06-02,11
2926,871,2024-04-26,6
2927,733,2025-06-11,15
2928,279,2025-01-08,8
2929,1028,2025-02-08,11
2930,283,2025-06-10,2
2931,758,2024-04-23,10
2932,523,2024-12-27,9
2933,892,2024-03-23,9
2934,191,2025-04-03,2
2935,896,2025-05-26,13
2936,922,2025-03-16,14
2937,256,2024-10-17,7
2938,1099,2025-01-26,2
2939,894,2024-01-18,13
2940,810,2024-01-11,1
2941,527,2025-04-17,8
2942,972,2025-07-06,14
2943,755,2025-03-13,4
2944,223,2025-06-01,4
2945,801,2024-10-01,7
2946,229,2025-02-06,8
2947,126,2025-06-19,6
2948,421,2024-03-26,5
2949,1171,2024-04-09,1
2950,284,2024-03-18,9
2951,596,2025-05-20,3
2952,584,2024-11-09,3
2953,90,2025-01-13,1
2954,167,2025-01-05,2
2955,878,2024-07-03,15
2956,457,2024-05-03,3
2957,1029,2025-05-09,10
2958,315,2025-05-26,3
2959,692,2024-01-05,15
2960,1110,2025-06-18,5
2961,1075,2025-02-27,7
2962,1080,2024-06-07,9
2963,1112,2024-05-27,9
2964,35,2024-02-15,12
2965,221,2024-06-03,1
2966,601,2024-04-26,13
2967,733,2024-09-30,15
2968,564,2025-05-21,4
2969,983,2025-01-04,1
2970,321,2025-06-13,4
2971,1143,2024-04-02,7
2972,1100,2024-09-28,12
2973,810,2024-12-10,1
2974,1113,2025-03-19,3
2975,1073,2024-10-30,10
2976,320,2024-12-13,11
2977,997,2024-11-28,9
2978,763,2025-02-19,14
2979,592,2024-03-04,11
2980,1043,2025-07-09,8
2981,308,2024-09-29,3
2982,908,2024-05-07,15
2983,940,2024-12-16,5
2984,632,2025-05-17,5
2985,877,2024-09-16,7
2986,452,2024-05-09,13
2987,280,2025-04-05,13
2988,464,2025-04-16,3
2989,569,2024-10-27,2
2990,553,2024-03-17,8
2991,767,2024-05-19,14
2992,147,2024-04-06,9
2993,870,2024-03-03,5
2994,643,2024-11-12,4
2995,152,2024-07-26,1
2996,773,2024-07-21,8
2997,1017,2025-02-15,11
2998,1098,2024-09-28,8
2999,343,2024-09-06,8
3000,279,2024-01-18,8
3001,872,2024-09-16,10
3002,55,2025-02-09,3
3003,680,2025-01-21,12
3004,233,2025-05-12,6
3005,1111,2025-01-20,10
3006,641,2024-05-30,13
3007,44,2025-01-14,11
3008,102,2025-06-13,14
3009,704,2024-02-23,4
3010,239,2025-05-10,9
3011,487,2024-06-12,8
3012,1177,2025-02-07,10
3013,278,2024-12-12,14
3014,345,2024-03-02,9
3015,459,2024-10-18,1
3016,420,2025-05-14,2
3017,132,2025-01-22,5
3018,1011,2024-01-17,15
3019,796,2025-02-18,9
3020,419,2025-04-20,10
3021,6,2025-02-13,10
3022,993,2024-01-03,3
3023,121,2024-07-09,3
3024,811,2024-01-19,1
3025,193,2024-12-02,8
3026,361,2024-10-24,1
3027,951,2024-04-28,3
3028,1165,2025-02-25,2
3029,81,2025-02-15,13
3030,661,2024-08-10,12
3031,96,2025-06-25,6
3032,517,2025-03-16,14
3033,162,2025-02-27,1
3034,1179,2024-08-14,10
3035,690,2024-06-10,5
3036,1064,2024-06-26,6
3037,72,2024-03-12,5
3038,1043,2024-12-09,8
3039,73,2024-07-21,12
3040,319,2024-09-18,10
3041,209,2024-08-06,3
3042,403,2024-02-24,12
3043,389,2024-06-04,8
3044,283,2025-05-21,2
3045,16,2025-02-07,1
3046,459,2025-05-31,1
3047,781,2025-07-06,13
3048,841,2024-01-05,14
3049,1084,2024-09-01,13
3050,583,2024-11-09,7
3051,797,2024-10-19,14
3052,1011,2025-05-18,15
3053,18,2024-03-21,12
3054,910,2024-10-08,3
3055,362,2025-05-27,9
3056,1035,2024-03-21,4
3057,677,2025-04-08,6
3058,1154,2024-07-24,4
3059,598,2024-08-22,6
3060,52,2025-01-05,1
3061,281,2025-03-27,10
3062,744,2025-07-09,5
3063,58,2025-02-23,9
3064,19,2024-04-25,6
3065,804,2024-04-24,4
3066,1119,2024-11-11,8
3067,137,2025-02-11,14
3068,169,2024-01-10,12
3069,480,2025-06-18,15
3070,853,2024-06-22,11
3071,809,2024-01-05,3
3072,268,2024-02-16,13
3073,888,2024-05-11,4
3074,338,2025-04-07,8
3075,600,2024-01-26,6
3076,1194,2024-12-10,2
3077,409,2024-03-31,2
3078,825,2024-04-28,15
3079,519,2025-02-23,8
3080,176,2025-03-25,14
3081,646,2025-01-13,10
3082,1017,2024-04-18,11
3083,211,2025-06-25,4
3084,145,2024-08-22,2
3085,431,2025-05-21,9
3086,541,2025-06-13,8
3087,200,2025-05-04,2
3088,156,2025-01-30,3
3089,304,2024-03-22,7
3090,629,2024-11-27,9
3091,1197,2025-07-03,2
3092,967,2025-06-12,4
3093,1156,2025-07-12,4
3094,983,2024-09-28,1
3095,896,2024-02-01,13
3096,393,2024-03-27,2
3097,1015,2024-09-04,7
3098,2,2024-05-15,5
3099,1194,2025-07-01,2
3100,948,2024-11-03,10
3101,1067,2024-01-29,6
3102,515,2024-09-07,5
3103,217,2025-03-22,6
3104,773,2024-01-17,8
3105,263,2024-03-12,10
3106,161,2025-06-08,15
3107,145,2024-08-26,2
3108,277,2024-10-15,4
3109,19,2025-04-29,6
3110,1088,2024-10-06,3
3111,217,2024-07-18,6
3112,548,2024-02-24,6
3113,690,2024-11-02,5
3114,834,2025-01-09,8
3115,111,2024-11-20,3
3116,1087,2025-02-21,2
3117,149,2024-09-08,6
3118,1099,2024-03-14,2
3119,210,2024-02-03,3
3120,1128,2024-11-20,11
3121,891,2024-08-02,7
3122,780,2024-12-26,8
3123,1043,2024-06-20,8
3124,225,2024-02-25,14
3125,1170,2025-05-27,10
3126,452,2025-06-24,13
3127,9,2025-07-06,8
3128,906,2024-07-13,8
3129,806,2024-11-05,7
3130,763,2024-03-27,14
3131,1153,2024-11-16,4
3132,1132,2024-06-20,6
3133,644,2025-02-19,13
3134,117,2024-02-27,10
3135,724,2024-06-15,13
3136,57,2024-05-26,11
3137,295,2024-09-14,12
3138,7,2024-10-14,9
3139,544,2024-06-16,7
3140,971,2024-08-04,5
3141,162,2024-07-02,1
3142,419,2024-09-15,10
3143,340,2024-03-08,14
3144,538,2025-02-23,13
3145,388,2024-03-15,7
3146,295,2024-01-26,12
3147,440,2024-02-01,13
3148,565,2024-11-29,6
3149,1021,2025-04-19,3
3150,965,2024-05-13,13
3151,874,2025-04-10,15
3152,212,2025-06-04,10
3153,387,2025-04-13,11
3154,739,2024-06-12,9
3155,526,2024-03-15,5
3156,810,2024-08-08,1
3157,658,2024-06-10,6
3158,1035,2024-08-22,4
3159,291,2024-03-25,6
3160,1183,2024-08-14,1
3161,385,2025-01-31,12
3162,402,2024-02-10,2
3163,164,2024-05-02,1
3164,631,2025-04-22,1
3165,148,2025-07-03,4
3166,389,2024-05-02,8
3167,952,2025-02-12,8
3168,216,2024-09-07,10
3169,774,2024-10-14,11
3170,936,2024-08-28,15
3171,681,2024-11-14,12
3172,287,2024-07-30,12
3173,488,2024-03-12,13
3174,983,2024-03-22,1
3175,176,2025-04-06,14
3176,1145,2025-03-11,12
3177,886,2025-04-28,10
3178,419,2024-04-04,10
3179,1048,2025-01-22,5
3180,162,2024-07-13,1
3181,99,2025-01-14,5
3182,272,2024-07-10,13
3183,1044,2025-02-02,5
3184,948,2024-12-29,10
3185,1081,2025-01-09,2
3186,540,2024-09-11,15
3187,1112,2024-04-16,9
3188,1148,2024-06-22,10
3189,1161,2025-06-29,8
3190,1090,2024-02-06,3
3191,857,2024-10-22,15
3192,737,2025-06-12,5
3193,148,2024-05-11,4
3194,494,2025-03-09,12
3195,660,2024-02-11,3
3196,363,2025-03-26,8
3197,615,2025-06-07,5
3198,811,2025-01-28,1
3199,236,2024-11-07,1
3200,448,2025-04-27,1
3201,114,2025-02-04,2
3202,334,2024-11-10,10
3203,838,2025-04-29,12
3204,712,2024-07-02,7
3205,603,2024-09-24,1
3206,193,2025-06-29,8
3207,880,2024-07-14,4
3208,683,2024-03-17,11
3209,907,2024-08-31,11
3210,671,2025-07-08,2
3211,967,2024-10-21,4
3212,1117,2025-07-04,5
3213,1195,2025-01-11,1
3214,305,2025-03-26,9
3215,365,2025-03-11,1
3216,609,2024-10-09,6
3217,496,2025-02-16,8
3218,441,2024-07-13,14
3219,919,2025-02-03,10
3220,1163,2024-05-28,13
3221,589,2025-06-26,5
3222,102,2024-12-01,14
3223,6,2024-05-12,10
3224,1188,2024-08-09,8
3225,1165,2024-08-25,2
3226,1083,2025-05-22,5
3227,389,2024-03-17,8
3228,408,2025-05-19,11
3229,524,2024-06-15,14
3230,1142,2024-06-23,7
3231,428,2025-01-29,11
3232,218,2024-09-17,3
3233,964,2025-02-26,2
3234,11,2025-06-12,13
3235,15,2025-03-24,10
3236,687,2024-10-28,11
3237,1090,2024-04-28,3
3238,960,2025-06-07,12
3239,872,2024-07-17,10
3240,996,2024-12-27,14
3241,547,2024-11-02,14
3242,1193,2024-11-18,2
3243,1198,2024-05-01,9
3244,928,2024-03-06,12
3245,478,2024-09-20,12
3246,1146,2024-09-14,4
3247,494,2024-08-08,12
3248,996,2025-01-14,14
3249,540,2025-03-12,15
3250,683,2025-04-06,11
3251,479,2025-06-29,6
3252,405,2024-01-08,4
3253,15,2025-05-19,10
3254,938,2025-03-26,6
3255,623,2024-06-29,3
3256,1146,2024-05-16,4
3257,732,2024-06-23,4
3258,570,2024-08-29,1
3259,515,2025-05-09,5
3260,923,2024-03-14,9
3261,99,2025-02-14,5
3262,303,2024-04-05,12
3263,714,2024-03-19,4
3264,400,2024-09-22,12
3265,171,2024-06-29,7
3266,85,2024-01-26,3
3267,112,2024-07-09,11
3268,671,2024-08-18,2
3269,793,2024-06-08,8
3270,237,2025-05-27,2
3271,760,2024-11-18,10
3272,18,2024-11-01,12
3273,966,2024-07-12,14
3274,711,2024-08-24,7
3275,1060,2024-04-05,8
3276,873,2025-01-30,9
3277,166,2024-12-28,11
3278,176,2025-02-14,14
3279,925,2024-04-09,2
3280,369,2024-10-12,12
3281,52,2024-09-27,1
3282,578,2025-02-21,1
3283,916,2024-10-09,1
3284,52,2024-07-15,1
3285,760,2025-03-10,10
3286,235,2024-03-30,3
3287,484,2025-03-17,3
3288,611,2025-04-19,6
3289,661,2024-03-22,12
3290,691,2024-01-21,11
3291,511,2025-01-16,6
3292,618,2025-03-16,8
3293,469,2025-01-16,14
3294,533,2024-05-25,10
3295,427,2025-04-13,15
3296,1127,2025-02-12,9
3297,1154,2025-01-14,4
3298,71,2025-03-30,5
3299,789,2024-07-29,9
3300,1116,2024-05-23,6
3301,257,2024-05-04,14
3302,359,2024-12-27,14
3303,1055,2025-06-12,5
3304,688,2025-01-05,11
3305,1040,2024-04-26,12
3306,1132,2024-06-25,6
3307,1120,2025-07-07,7
3308,464,2025-06-12,3
3309,909,2024-12-16,4
3310,344,2024-09-07,8
3311,445,2024-10-18,10
3312,627,2024-03-06,6
3313,292,2025-05-26,10
3314,222,2024-02-05,8
3315,370,2024-11-14,2
3316,856,2024-10-17,13
3317,382,2025-07-06,15
3318,90,2024-07-10,1
3319,1112,2024-04-08,9
3320,6,2024-07-14,10
3321,1188,2025-02-01,8
3322,221,2025-02-16,1
3323,664,2024-09-12,13
3324,664,2024-11-10,13
3325,444,2025-01-14,9
3326,812,2025-04-23,1
3327,547,2024-12-13,14
3328,969,2024-04-02,14
3329,1044,2024-03-30,5
3330,215,2025-03-31,15
3331,519,2025-01-19,8
3332,676,2025-07-12,7
3333,255,2024-12-11,2
3334,642,2024-05-22,9
3335,594,2024-02-20,14
3336,601,2024-09-13,13
3337,461,2025-03-18,11
3338,945,2025-06-22,5
3339,722,2024-10-01,15
3340,142,2024-02-23,7
3341,288,2024-03-15,6
3342,1076,2024-01-22,2
3343,975,2024-07-01,1
3344,150,2024-09-11,12
3345,227,2025-05-09,3
3346,159,2024-11-15,15
3347,1004,2024-03-10,2
3348,1000,2024-03-02,4
3349,973,2025-06-07,11
3350,1004,2024-02-15,2
3351,728,2024-06-09,6
3352,753,2025-06-29,9
3353,709,2025-01-04,3
3354,107,2024-12-13,2
3355,1139,2024-08-21,5
3356,138,2025-04-25,4
3357,451,2024-05-30,12
3358,1105,2025-07-11,14
3359,310,2024-01-20,7
3360,494,2024-09-10,12
3361,684,2025-02-19,10
3362,507,2025-04-27,3
3363,1046,2024-04-16,6
3364,210,2024-09-23,3
3365,345,2024-08-03,9
3366,815,2024-03-21,12
3367,658,2025-06-02,6
3368,390,2024-11-18,8
3369,236,2024-04-08,1
3370,305,2024-06-14,9
3371,1010,2025-06-19,2
3372,1187,2024-12-24,9
3373,231,2025-03-05,5
3374,292,2024-03-10,10
3375,625,2024-12-26,1
3376,335,2024-10-27,11
3377,432,2024-08-16,5
3378,495,2024-04-18,6
3379,242,2025-07-01,12
3380,976,2024-10-05,14
3381,616,2024-04-05,10
3382,278,2025-05-26,14
3383,707,2024-07-12,11
3384,583,2025-07-12,7
3385,1158,2024-08-14,11
3386,246,2024-09-23,4
3387,930,2024-05-23,1
3388,45,2025-05-17,10
3389,1117,2024-01-25,5
3390,419,2024-11-07,10
3391,785,2025-05-12,15
3392,1139,2024-10-29,5
3393,219,2024-01-27,14
3394,358,2024-07-05,14
3395,57,2024-04-26,11
3396,723,2024-06-25,5
3397,711,2024-12-21,7
3398,1026,2024-05-02,12
3399,758,2024-11-18,10
3400,1080,2024-06-11,9
3401,141,2025-05-15,3
3402,1071,2024-05-27,15
3403,744,2024-09-08,5
3404,569,2024-02-23,2
3405,1188,2025-02-06,8
3406,778,2024-05-12,3
3407,1003,2024-05-05,6
3408,341,2024-10-02,6
3409,136,2025-03-30,5
3410,1023,2024-11-25,2
3411,614,2024-10-13,14
3412,390,2024-01-07,8
3413,1058,2024-11-28,8
3414,1175,2024-05-22,10
3415,857,2024-05-23,15
3416,539,2024-02-25,7
3417,650,2024-12-10,4
3418,423,2024-08-02,1
3419,276,2024-06-20,12
3420,547,2025-06-18,14
3421,593,2024-10-13,11
3422,759,2024-01-14,9
3423,654,2025-04-20,14
3424,369,2024-02-09,12
3425,1124,2025-03-31,15
3426,332,2025-05-09,5
3427,79,2024-04-10,8
3428,278,2024-05-30,14
3429,609,2024-10-31,6
3430,141,2024-05-23,3
3431,225,2024-04-11,14
3432,293,2025-03-30,12
3433,1164,2025-07-06,12
3434,532,2024-04-03,11
3435,374,2024-08-05,4
3436,268,2024-12-21,13
3437,1199,2025-04-23,15
3438,850,2024-10-20,9
3439,741,2025-02-04,9
3440,671,2024-08-01,2
3441,985,2024-10-14,13
3442,465,2025-06-12,6
3443,803,2024-08-21,10
3444,1005,2025-01-25,10
3445,161,2025-01-19,15
3446,782,2024-12-07,8
3447,646,2025-06-03,10
3448,918,2024-04-15,3
3449,304,2025-04-08,7
3450,428,2024-01-19,11
3451,442,2024-01-19,3
3452,682,2024-10-30,8
3453,604,2025-05-02,4
3454,546,2024-08-06,5
3455,1084,2024-10-23,13
3456,522,2025-05-16,8
3457,1123,2025-05-27,2
3458,77,2024-05-01,4
3459,718,2025-04-06,15
3460,825,2024-09-10,15
3461,774,2024-08-05,11
3462,475,2024-09-20,8
3463,1013,2025-05-10,10
3464,349,2024-02-12,3
3465,511,2025-05-16,6
3466,1159,2024-03-10,9
3467,575,2025-06-14,6
3468,518,2024-05-14,12
3469,294,2024-01-18,10
3470,115,2025-01-09,7
3471,188,2024-03-26,6
3472,835,2024-09-19,3
3473,355,2024-09-04,13
3474,676,2025-07-05,7
3475,1121,2024-06-19,11
3476,167,2024-05-05,2
3477,611,2024-03-31,6
3478,982,2025-07-11,12
3479,1026,2024-12-16,12
3480,923,2024-05-28,9
3481,471,2024-10-08,6
3482,737,2025-04-03,5
3483,143,2024-03-23,1
3484,1170,2024-05-08,10
3485,233,2025-06-21,6
3486,679,2024-07-14,6
3487,164,2024-03-17,1
3488,375,2025-03-25,5
3489,263,2024-01-18,10
3490,800,2025-07-09,10
3491,284,2024-08-20,9
3492,275,2024-11-27,14
3493,1177,2025-03-20,10
3494,1042,2024-08-30,5
3495,1163,2024-07-29,13
3496,844,2024-06-01,1
3497,26,2024-12-28,9
3498,1133,2024-12-07,14
3499,49,2025-06-06,11
3500,1120,2025-03-04,7
3501,447,2024-07-11,8
3502,470,2025-03-19,12
3503,1137,2024-04-22,2
3504,326,2025-06-11,7
3505,290,2024-09-10,14
3506,308,2024-08-07,3
3507,178,2024-01-13,9
3508,372,2024-07-23,12
3509,967,2024-10-25,4
3510,758,2024-06-21,10
3511,193,2024-09-16,8
3512,1154,2024-09-01,4
3513,847,2024-02-13,12
3514,767,2024-08-12,14
3515,55,2024-11-10,3
3516,711,2024-07-15,7
3517,539,2024-10-31,7
3518,146,2024-05-29,15
3519,1151,2025-03-15,8
3520,346,2024-07-08,7
3521,1082,2024-04-07,1
3522,208,2024-01-24,11
3523,431,2025-01-02,9
3524,286,2025-05-26,11
3525,579,2024-08-09,11
3526,1135,2024-10-11,7
3527,590,2025-06-29,4
3528,180,2025-06-19,9
3529,844,2024-07-04,1
3530,903,2025-02-09,6
3531,412,2024-09-02,3
3532,1180,2024-10-20,2
3533,184,2024-02-12,15
3534,281,2025-02-04,10
3535,653,2024-01-29,10
3536,319,2024-09-10,10
3537,884,2024-12-14,11
3538,297,2025-03-30,6
3539,747,2024-04-25,2
3540,980,2025-07-04,8
3541,977,2024-04-11,1
3542,160,2025-06-20,12
3543,916,2024-01-13,1
3544,355,2024-01-19,13
3545,130,2024-08-31,2
3546,767,2024-01-08,14
3547,308,2025-03-12,3
3548,628,2024-11-17,3
3549,31,2024-05-11,6
3550,830,2025-02-27,5
3551,818,2025-03-29,6
3552,978,2025-03-10,9
3553,773,2024-01-10,8
3554,870,2025-03-08,5
3555,157,2024-07-02,6
3556,895,2025-05-21,13
3557,63,2024-05-21,13
3558,1130,2025-05-26,15
3559,59,2025-04-30,7
3560,521,2025-06-26,9
3561,1032,2025-01-13,6
3562,583,2024-04-21,7
3563,51,2024-08-19,7
3564,1173,2024-02-19,13
3565,203,2024-03-07,12
3566,189,2025-05-11,8
3567,505,2024-04-21,14
3568,723,2024-01-19,5
3569,531,2024-01-15,9
3570,675,2025-05-01,3
3571,1026,2025-03-10,12
3572,939,2025-02-28,1
3573,595,2025-04-25,13
3574,418,2025-04-07,1
3575,995,2025-05-24,6
3576,468,2024-06-24,8
3577,589,2025-07-09,5
3578,498,2024-09-02,13
3579,305,2024-01-04,9
3580,490,2024-09-16,1
3581,3,2024-10-10,2
3582,760,2025-01-13,10
3583,666,2025-07-10,8
3584,1121,2025-01-06,11
3585,174,2024-04-22,7
3586,1191,2024-12-12,8
3587,1056,2024-08-20,12
3588,18,2025-01-28,12
3589,781,2025-01-28,13
3590,368,2024-11-03,1
3591,478,2024-08-07,12
3592,400,2024-09-04,12
3593,12,2024-10-18,4
3594,149,2025-01-01,6
3595,811,2024-09-21,1
3596,412,2024-06-25,3
3597,1199,2024-09-12,15
3598,1087,2024-02-26,2
3599,903,2024-01-05,6
3600,385,2024-08-12,12
3601,454,2025-03-20,4
3602,954,2025-07-10,1
3603,1122,2025-06-04,3
3604,536,2025-05-27,9
3605,419,2024-08-01,10
3606,1083,2025-06-25,5
3607,734,2024-04-04,3
3608,1188,2024-04-09,8
3609,1109,2025-01-05,10
3610,1157,2024-07-06,4
3611,875,2024-05-23,5
3612,648,2024-01-14,12
3613,1044,2024-04-29,5
3614,335,2024-11-10,11
3615,129,2024-06-27,14
3616,387,2024-06-30,11
3617,468,2024-05-02,8
3618,584,2024-02-22,3
3619,87,2024-02-04,9
3620,171,2024-01-29,7
3621,184,2024-01-22,15
3622,1049,2025-07-10,9
3623,792,2024-02-25,11
3624,52,2024-10-02,1
3625,991,2025-05-07,2
3626,768,2024-05-24,11
3627,700,2024-07-08,6
3628,459,2024-06-21,1
3629,888,2024-03-04,4
3630,1145,2025-02-20,12
3631,1084,2024-04-16,13
3632,751,2024-08-26,11
3633,499,2025-07-05,7
3634,551,2024-04-09,15
3635,23,2024-10-25,7
3636,466,2024-10-06,1
3637,220,2024-05-23,2
3638,76,2024-06-07,14
3639,188,2025-05-15,6
3640,54,2024-10-06,1
3641,154,2024-10-11,13
3642,988,2025-05-08,2
3643,1188,2025-03-15,8
3644,1179,2024-03-19,10
3645,905,2025-03-24,15
3646,1156,2024-06-27,4
3647,293,2025-02-18,12
3648,990,2025-03-31,10
3649,433,2024-12-21,1
3650,535,2024-02-05,6
3651,1153,2024-12-24,4
3652,641,2024-11-25,13
3653,909,2024-10-08,4
3654,641,2024-05-18,13
3655,331,2025-05-25,7
3656,264,2024-10-31,10
3657,623,2024-05-07,3
3658,51,2024-04-06,7
3659,725,2024-09-18,7
3660,360,2024-04-14,12
3661,211,2025-01-01,4
3662,394,2024-01-19,5
3663,723,2024-08-14,5
3664,133,2024-03-17,3
3665,978,2025-05-17,9
3666,232,2024-02-16,1
3667,610,2025-05-17,5
3668,73,2024-12-14,12
3669,385,2025-01-06,12
3670,1020,2024-05-09,4
3671,749,2024-06-22,12
3672,1075,2025-07-02,7
3673,293,2024-07-19,12
3674,679,2024-07-08,6
3675,382,2024-08-29,15
3676,666,2024-07-12,8
3677,598,2025-07-10,6
3678,174,2024-08-22,7
3679,934,2025-07-02,3
3680,764,2025-05-19,8
3681,216,2024-11-30,10
3682,802,2024-01-01,2
3683,1078,2025-05-02,1
3684,786,2024-12-14,14
3685,314,2025-05-18,8
3686,391,2025-07-05,11
3687,443,2024-11-13,5
3688,1135,2024-04-22,7
3689,45,2025-03-13,10
3690,678,2025-05-11,9
3691,710,2024-11-26,10
3692,414,2024-06-24,13
3693,35,2024-11-10,12
3694,247,2025-01-04,7
3695,753,2024-05-20,9
3696,1051,2024-03-21,10
3697,1101,2025-06-01,11
3698,889,2025-03-09,8
3699,785,2025-06-20,15
3700,403,2025-04-06,12
3701,411,2025-01-10,11
3702,315,2024-12-22,3
3703,140,2025-05-14,7
3704,295,2024-02-10,12
3705,1127,2024-11-04,9
3706,758,2025-04-12,10
3707,1048,2025-03-07,5
3708,414,2024-11-26,13
3709,1122,2025-02-26,3
3710,339,2025-01-01,4
3711,80,2024-12-06,7
3712,304,2025-01-16,7
3713,311,2024-01-02,2
3714,1118,2024-04-07,15
3715,1078,2024-10-01,1
3716,318,2024-06-28,12
3717,395,2024-11-18,13
3718,553,2024-03-29,8
3719,178,2024-01-31,9
3720,1104,2024-11-13,10
3721,26,2024-04-22,9
3722,918,2024-05-28,3
3723,873,2024-01-02,9
3724,670,2024-02-13,12
3725,175,2024-04-29,7
3726,1024,2024-04-30,12
3727,361,2024-01-03,1
3728,652,2024-09-25,15
3729,944,2024-04-06,14
3730,836,2024-08-24,3
3731,738,2024-11-11,7
3732,51,2024-06-27,7
3733,915,2025-06-09,13
3734,656,2025-01-19,9
3735,464,2025-03-15,3
3736,8,2024-12-22,14
3737,39,2024-07-29,7
3738,633,2024-03-05,11
3739,652,2025-03-19,15
3740,187,2024-04-26,7
3741,925,2025-02-03,2
3742,907,2024-07-29,11
3743,348,2024-04-27,11
3744,560,2024-12-22,1
3745,348,2024-07-10,11
3746,189,2024-01-07,8
3747,1015,2024-07-07,7
3748,497,2024-09-13,13
3749,512,2025-02-26,5
3750,352,2024-01-22,5
3751,633,2024-12-18,11
3752,84,2024-03-03,14
3753,1116,2024-09-16,6
3754,958,2024-12-06,15
3755,1075,2025-03-04,7
3756,1,2024-04-08,4
3757,1032,2024-08-06,6
3758,355,2024-12-25,13
3759,543,2024-05-17,13
3760,1049,2024-11-16,9
3761,910,2024-07-28,3
3762,853,2024-06-17,11
3763,37,2025-01-31,9
3764,267,2025-06-29,8
3765,1027,2024-09-29,2
3766,124,2024-02-02,4
3767,534,2024-08-26,5
3768,1146,2025-02-20,4
3769,211,2024-05-20,4
3770,1124,2024-04-05,15
3771,75,2025-06-27,3
3772,780,2024-11-20,8
3773,269,2024-10-16,14
3774,1059,2024-02-16,7
3775,675,2024-12-06,3
3776,213,2024-03-30,10
3777,363,2025-02-08,8
3778,1064,2025-01-17,6
3779,1168,2024-11-26,2
3780,917,2024-04-19,2
3781,454,2025-03-09,4
3782,462,2024-08-10,12
3783,690,2025-06-20,5
3784,215,2025-07-04,15
3785,354,2024-05-26,8
3786,205,2024-03-09,8
3787,390,2025-01-03,8
3788,296,2024-07-13,14
3789,611,2025-06-18,6
3790,662,2024-05-20,13
3791,351,2025-03-01,13
3792,193,2024-11-03,8
3793,568,2025-05-24,7
3794,1052,2024-06-12,13
3795,692,2024-01-17,15
3796,351,2024-10-23,13
3797,268,2024-11-20,13
3798,479,2025-04-29,6
3799,1017,2025-06-09,11
3800,287,2024-06-13,12
3801,862,2025-03-20,15
3802,472,2024-12-06,9
3803,336,2025-03-20,3
3804,583,2025-04-09,7
3805,977,2025-03-09,1
3806,489,2024-08-24,5
3807,998,2025-03-07,2
3808,339,2024-04-28,4
3809,78,2024-05-02,1
3810,1116,2024-08-01,6
3811,1166,2024-08-11,7
3812,64,2024-07-17,6
3813,897,2024-04-03,1
3814,170,2025-03-03,7
3815,931,2025-05-14,4
3816,995,2024-09-14,6
3817,151,2024-06-01,6
3818,920,2024-07-03,3
3819,101,2024-02-24,9
3820,304,2024-04-03,7
3821,868,2025-04-26,7
3822,164,2024-02-27,1
3823,882,2024-10-29,11
3824,59,2025-02-27,7
3825,419,2025-07-04,10
3826,779,2025-04-01,9
3827,1195,2024-05-26,1
3828,631,2025-03-23,1
3829,437,2024-02-15,9
3830,237,2025-04-30,2
3831,386,2024-08-14,15
3832,497,2025-05-31,13
3833,393,2025-04-26,2
3834,122,2024-12-06,14
3835,1105,2024-11-13,14
3836,411,2024-01-08,11
3837,472,2025-07-09,9
3838,289,2024-05-07,6
3839,501,2024-08-21,10
3840,720,2024-10-26,7
3841,569,2025-07-10,2
3842,141,2024-01-04,3
3843,220,2025-03-13,2
3844,963,2025-02-25,10
3845,342,2024-10-13,5
3846,1143,2025-01-30,7
3847,877,2024-05-16,7
3848,433,2024-07-29,1
3849,62,2024-01-04,15
3850,3,2024-02-04,2
3851,203,2025-03-06,12
3852,17,2025-04-09,15
3853,310,2025-04-18,7
3854,453,2025-02-05,1
3855,1086,2025-07-05,10
3856,175,2024-12-18,7
3857,298,2025-03-25,15
3858,686,2025-01-30,10
3859,574,2025-01-12,12
3860,648,2024-06-22,12
3861,602,2024-02-25,3
3862,254,2024-09-07,12
3863,581,2025-05-14,3
3864,598,2024-09-29,6
3865,220,2024-10-02,2
3866,943,2024-01-26,5
3867,676,2024-03-14,7
3868,888,2024-04-19,4
3869,771,2024-09-22,5
3870,665,2025-03-04,1
3871,1102,2024-06-15,9
3872,42,2025-04-23,8
3873,1032,2025-06-05,6
3874,414,2024-12-08,13
3875,422,2025-05-15,12
3876,407,2024-01-27,1
3877,762,2024-12-11,12
3878,292,2024-02-26,10
3879,438,2024-02-11,14
3880,1003,2024-12-28,6
3881,407,2024-01-08,1
3882,291,2024-09-05,6
3883,638,2025-03-28,3
3884,458,2024-12-27,9
3885,447,2024-12-28,8
3886,218,2024-04-06,3
3887,57,2024-01-07,11
3888,1006,2024-03-28,1
3889,137,2024-01-31,14
3890,222,2024-12-07,8
3891,127,2025-02-15,2
3892,878,2025-06-30,15
3893,1019,2025-04-30,11
3894,136,2024-08-12,5
3895,1094,2024-02-24,5
3896,931,2024-02-12,4
3897,732,2024-10-24,4
3898,253,2024-01-20,8
3899,896,2024-12-03,13
3900,1159,2025-03-16,9
3901,599,2025-04-07,14
3902,680,2025-05-29,12
3903,312,2024-05-01,1
3904,459,2024-12-01,1
3905,325,2024-08-17,7
3906,137,2024-02-24,14
3907,1161,2025-02-04,8
3908,1095,2024-09-26,11
3909,846,2025-03-27,5
3910,982,2024-12-29,12
3911,575,2024-11-16,6
3912,405,2024-12-10,4
3913,362,2025-05-11,9
3914,369,2025-01-04,12
3915,899,2024-01-19,9
3916,667,2025-05-26,11
3917,1041,2025-06-04,14
3918,655,2024-05-10,1
3919,914,2025-05-10,15
3920,55,2025-06-01,3
3921,862,2024-02-07,15
3922,522,2024-08-10,8
3923,33,2024-10-06,5
3924,380,2024-03-12,8
3925,245,2025-04-05,6
3926,339,2025-04-03,4
3927,921,2024-02-05,11
3928,21,2025-01-30,12
3929,446,2024-06-17,15
3930,1009,2024-07-16,14
3931,579,2025-03-22,11
3932,298,2024-06-05,15
3933,807,2024-01-05,2
3934,728,2025-06-28,6
3935,631,2024-09-11,1
3936,601,2025-06-15,13
3937,846,2024-10-08,5
3938,141,2024-11-13,3
3939,464,2025-07-02,3
3940,57,2024-12-19,11
3941,691,2024-02-11,11
3942,682,2025-02-24,8
3943,824,2024-09-21,3
3944,1171,2024-02-24,1
3945,909,2024-08-27,4
3946,745,2024-05-12,13
3947,842,2025-04-08,5
3948,720,2024-02-13,7
3949,85,2025-02-16,3
3950,279,2025-02-27,8
3951,780,2025-06-12,8
3952,13,2025-04-04,11
3953,194,2025-06-21,2
3954,44,2024-08-15,11
3955,677,2025-05-26,6
3956,301,2024-09-05,12
3957,810,2024-08-19,1
3958,428,2024-06-10,11
3959,924,2024-11-28,3
3960,159,2025-04-24,15
3961,270,2024-11-20,1
3962,1193,2024-05-11,2
3963,696,2024-02-09,4
3964,461,2024-10-08,11
3965,230,2025-06-09,6
3966,21,2024-12-03,12
3967,932,2025-05-26,6
3968,28,2025-05-23,3
3969,693,2024-11-10,2
3970,492,2024-03-30,12
3971,499,2024-01-17,7
3972,76,2025-01-28,14
3973,285,2024-07-17,14
3974,256,2024-03-24,7
3975,801,2024-07-19,7
3976,775,2025-07-11,6
3977,670,2025-06-27,12
3978,97,2025-07-02,13
3979,170,2024-03-09,7
3980,1053,2024-08-03,11
3981,378,2024-08-09,8
3982,1110,2024-08-20,5
3983,957,2024-08-09,1
3984,103,2025-03-13,12
3985,581,2024-03-21,3
3986,228,2024-11-23,12
3987,759,2024-06-21,9
3988,382,2024-11-21,15
3989,70,2024-12-01,7
3990,400,2024-01-20,12
3991,128,2025-01-09,14
3992,309,2025-05-28,12
3993,1091,2024-07-21,10
3994,1178,2025-05-11,7
3995,1023,2025-04-02,2
3996,808,2025-07-04,15
3997,342,2024-06-16,5
3998,1020,2024-01-02,4
3999,1044,2025-06-12,5
4000,320,2024-12-03,11
