buyer_id,rep_id,created_date,has_post_sales_deal,last_purchase_date,last_contact_date,last_note_date
1,4,2025-05-08,False,,2025-05-11,2025-07-06
2,5,2024-03-30,True,2024-04-20,2025-01-22,2025-01-15
3,2,2024-01-22,False,2024-09-13,2024-12-07,2025-02-01
4,11,2025-02-05,False,2025-07-04,2025-05-28,2025-04-17
5,15,2024-05-10,False,,2024-06-02,2025-03-06
6,10,2025-01-16,True,2025-05-11,2025-05-04,2025-04-28
7,9,2024-12-11,True,,2025-03-20,2025-01-21
8,14,2025-06-13,False,,2025-06-17,2025-07-09
9,8,2024-08-24,False,2025-05-09,2025-03-02,2025-01-24
10,6,2025-01-23,False,,2025-04-11,2025-06-04
11,13,2024-03-07,True,2024-11-06,2025-04-25,2025-01-13
12,4,2025-06-17,True,2025-07-11,2025-07-06,2025-07-11
13,11,2024-07-16,True,,2024-08-08,2024-08-05
14,9,2025-04-19,False,2025-07-05,2025-06-14,2025-06-11
15,10,2024-05-02,False,2025-01-28,2024-05-29,2025-03-05
16,1,2025-06-13,False,2025-06-28,2025-06-22,2025-06-29
17,15,2024-09-10,False,2025-03-01,2024-11-14,2024-11-07
18,12,2024-08-25,False,2025-05-18,2024-09-06,2024-10-14
19,6,2024-02-27,False,,2024-12-14,2025-02-12
20,3,2025-02-25,False,,2025-07-05,2025-06-04
21,12,2025-05-19,True,,2025-05-27,2025-05-29
22,5,2024-10-12,False,2025-01-01,2025-05-18,2024-11-17
23,7,2025-05-28,False,2025-07-10,2025-07-02,2025-07-03
24,14,2024-01-26,True,,2025-02-04,2024-12-11
25,1,2024-06-15,False,2024-06-21,2024-08-15,2025-06-30
26,9,2024-09-02,False,,2025-04-30,2025-04-18
27,7,2024-09-20,False,2024-12-27,2025-02-22,2024-09-23
28,3,2024-02-24,False,,2025-03-28,2025-06-13
29,12,2024-08-29,True,,2025-03-25,2024-12-24
30,15,2024-03-16,True,,2025-03-10,2024-07-09
31,6,2024-07-10,False,2025-03-09,2025-01-23,2025-03-23
32,8,2025-05-31,False,2025-06-27,2025-06-22,2025-06-17
33,5,2025-04-08,True,,2025-07-07,2025-05-27
34,4,2024-04-28,False,,2024-06-01,2025-05-01
35,12,2025-01-15,True,,2025-04-09,2025-01-29
36,8,2024-08-08,False,2024-10-31,2024-12-23,2025-03-09
37,9,2024-07-25,False,,2024-08-02,2024-08-05
38,4,2025-03-12,False,,2025-05-27,2025-06-27
39,7,2024-07-31,False,2025-06-27,2024-12-19,2024-11-15
40,10,2024-06-02,False,2025-06-20,2025-05-07,2025-07-05
41,8,2024-03-13,False,,2024-11-24,2025-06-25
42,8,2025-03-23,False,2025-05-09,2025-06-26,2025-04-11
43,11,2025-01-19,False,2025-07-08,2025-01-21,2025-04-10
44,11,2024-04-29,False,2024-07-24,2025-03-04,2024-12-14
45,10,2025-05-22,False,2025-07-01,2025-06-29,2025-06-17
46,12,2024-04-21,True,,2025-05-09,2024-09-11
47,1,2024-09-08,False,2025-03-13,2025-07-02,2025-05-17
48,12,2025-01-07,False,2025-02-02,2025-04-21,2025-07-06
49,11,2024-06-02,True,,2024-12-16,2025-03-21
50,2,2025-06-04,True,2025-07-05,2025-07-06,2025-06-08
51,7,2025-04-14,False,2025-06-29,2025-06-08,2025-06-05
52,1,2024-04-12,False,2025-02-25,2025-04-21,2025-07-05
53,11,2025-01-04,False,2025-02-21,2025-04-18,2025-02-09
54,1,2025-01-27,False,2025-04-06,2025-05-25,2025-04-18
55,3,2024-07-20,True,2025-04-01,2024-07-30,2024-12-30
56,1,2025-01-30,False,2025-06-03,2025-02-21,2025-03-26
57,11,2024-06-24,False,,2025-03-09,2025-06-17
58,9,2025-02-17,True,,2025-03-19,2025-06-17
59,7,2024-07-07,True,2025-04-02,2024-11-22,2025-01-07
60,13,2024-03-06,False,2024-09-20,2024-04-24,2025-02-20
61,12,2025-05-05,False,,2025-06-29,2025-05-24
62,15,2024-04-16,False,2025-03-16,2024-06-12,2024-05-30
63,13,2024-07-21,False,2024-10-02,2025-01-27,2024-11-13
64,6,2024-08-31,True,2024-09-19,2025-05-07,2025-05-06
65,11,2025-05-15,False,,2025-06-11,2025-06-05
66,13,2025-02-25,False,,2025-05-31,2025-04-24
67,4,2025-05-18,False,,2025-06-05,2025-06-22
68,5,2024-06-27,True,2024-09-30,2024-09-05,2024-10-20
69,6,2024-10-30,False,2025-03-25,2024-11-21,2024-12-17
70,7,2024-06-09,False,2024-08-26,2025-04-18,2024-07-15
71,5,2024-08-25,True,,2025-03-04,2025-04-01
72,5,2024-11-09,False,2024-11-10,2024-12-05,2024-11-27
73,12,2024-02-21,True,2025-06-04,2025-02-28,2025-02-01
74,3,2024-12-30,True,2025-03-08,2025-03-30,2025-03-10
75,3,2024-10-08,False,2025-03-05,2024-11-13,2025-05-13
76,14,2024-09-10,False,2025-05-13,2025-03-11,2025-03-27
77,4,2024-07-13,True,,2024-08-17,2025-03-13
78,1,2024-05-24,True,2025-05-03,2024-08-12,2025-02-02
79,8,2025-03-22,False,2025-05-26,2025-06-27,2025-06-02
80,7,2024-12-03,False,2024-12-24,2025-05-10,2025-05-10
81,13,2024-09-22,True,2024-10-11,2024-11-10,2024-10-29
82,12,2024-07-12,False,2024-12-29,2024-10-20,2025-04-06
83,1,2024-10-15,True,2025-06-10,2025-04-28,2024-12-25
84,14,2024-01-27,False,,2024-04-04,2024-09-09
85,3,2024-02-14,True,2024-06-25,2025-04-01,2024-04-03
86,10,2024-12-16,True,2025-06-07,2025-06-06,2025-06-21
87,9,2025-06-30,False,,2025-07-01,2025-06-30
88,6,2024-08-30,False,2025-04-12,2025-06-19,2024-09-02
89,11,2024-12-06,False,,2025-05-13,2025-06-13
90,1,2024-12-14,True,2025-03-11,2025-03-18,2025-06-30
91,13,2024-03-10,True,2024-08-05,2024-11-23,2025-05-01
92,6,2024-01-30,False,2025-01-02,2024-08-12,2024-06-16
93,5,2024-03-04,True,2024-03-24,2024-06-18,2025-02-16
94,5,2024-09-11,True,2024-12-10,2024-12-06,2025-06-08
95,7,2025-07-06,True,2025-07-09,2025-07-11,2025-07-12
96,6,2024-11-13,True,2025-05-23,2025-06-02,2025-01-30
97,13,2024-10-19,False,,2025-06-07,2025-04-12
98,4,2025-02-22,False,2025-03-29,2025-05-03,2025-03-25
99,5,2025-01-21,False,2025-04-01,2025-07-07,2025-03-16
100,10,2025-03-23,False,2025-06-19,2025-04-12,2025-05-17
101,9,2025-02-11,False,2025-07-08,2025-03-05,2025-04-13
102,14,2024-11-14,True,,2024-12-25,2025-02-04
103,12,2024-11-03,False,2025-03-31,2025-04-15,2025-03-03
104,8,2024-06-20,True,2024-11-23,2024-07-29,2024-10-24
105,5,2024-08-06,False,2024-09-20,2025-02-25,2025-06-24
106,10,2024-08-23,True,2025-01-07,2025-06-20,2024-08-30
107,2,2024-10-15,False,2024-11-30,2025-05-22,2024-11-19
108,6,2024-08-16,False,2025-05-01,2024-09-15,2025-05-11
109,5,2024-04-23,True,,2025-03-29,2024-08-26
110,5,2024-09-18,False,2025-01-09,2025-01-25,2025-06-24
111,3,2024-02-19,True,2025-04-29,2025-06-30,2024-11-14
112,11,2025-03-25,True,2025-03-25,2025-05-13,2025-05-05
113,12,2025-05-12,False,2025-06-04,2025-05-26,2025-05-22
114,2,2024-01-14,False,2024-08-06,2025-07-01,2024-12-29
115,7,2024-07-22,False,2024-10-03,2025-05-03,2024-09-13
116,11,2025-02-25,False,2025-05-12,2025-05-24,2025-05-10
117,10,2024-01-12,False,2024-08-04,2024-07-13,2024-10-16
118,9,2025-06-21,False,2025-07-04,2025-07-06,2025-06-23
119,7,2025-05-16,False,2025-06-13,2025-05-20,2025-07-10
120,2,2024-11-21,True,2025-03-13,2025-07-05,2025-02-11
121,3,2024-11-06,True,2024-11-26,2025-03-15,2025-07-03
122,14,2025-05-06,True,2025-06-27,2025-06-19,2025-06-05
123,5,2024-11-01,False,2024-11-22,2025-03-13,2025-05-04
124,4,2024-08-14,True,2024-09-29,2025-01-28,2025-05-17
125,9,2024-07-26,True,2024-11-04,2025-04-01,2024-08-17
126,6,2024-12-16,False,2025-02-23,2025-05-20,2025-03-15
127,2,2024-10-23,True,2025-04-24,2024-12-29,2025-02-01
128,14,2025-06-10,False,2025-06-21,2025-06-26,2025-07-06
129,14,2024-10-15,False,,2024-12-20,2025-01-13
130,2,2024-09-04,False,2024-09-22,2025-01-19,2024-09-13
131,11,2024-01-07,False,,2024-09-29,2024-04-02
132,5,2024-11-04,False,,2025-02-07,2025-03-19
133,3,2024-01-16,False,2024-07-12,2024-07-12,2024-11-29
134,15,2025-01-08,False,2025-03-22,2025-04-25,2025-02-11
135,1,2024-12-25,True,2025-06-24,2025-06-01,2025-01-22
136,5,2024-02-22,False,2025-04-21,2024-12-03,2024-09-11
137,14,2024-05-10,True,2024-09-19,2024-07-26,2024-07-20
138,4,2024-06-28,False,2024-12-14,2025-01-29,2024-12-16
139,9,2024-04-07,True,2024-06-13,2025-04-29,2024-08-12
140,7,2025-02-15,False,,2025-07-12,2025-03-03
141,3,2025-05-22,False,2025-06-30,2025-05-25,2025-07-07
142,7,2025-04-02,False,,2025-05-04,2025-04-27
143,1,2024-06-14,False,2025-02-10,2025-02-08,2025-02-19
144,2,2024-12-12,False,2025-01-12,2025-03-07,2025-05-13
145,2,2024-04-13,False,2024-11-25,2024-10-25,2025-02-14
146,15,2024-05-16,False,2025-06-20,2025-02-05,2024-09-24
147,9,2024-02-07,True,2024-11-18,2025-03-27,2024-12-24
148,4,2024-03-28,True,,2024-05-14,2025-05-31
149,6,2024-03-04,False,2024-10-20,2024-10-24,2025-03-07
150,12,2024-02-10,True,,2024-08-04,2024-09-16
151,6,2024-07-01,False,,2025-05-08,2025-01-18
152,1,2024-01-19,False,2025-02-19,2024-09-17,2024-10-04
153,7,2025-03-08,True,2025-05-30,2025-04-21,2025-03-08
154,13,2025-06-28,False,,2025-07-11,2025-07-06
155,13,2025-01-14,True,2025-03-25,2025-05-02,2025-01-16
156,3,2024-02-08,True,2024-05-17,2025-07-06,2024-06-10
157,6,2024-05-22,False,2025-03-22,2024-07-26,2025-06-25
158,11,2024-09-15,False,2024-12-13,2025-03-22,2024-09-23
159,15,2024-08-27,False,2025-04-18,2025-04-26,2025-07-05
160,12,2024-03-21,False,2024-10-21,2025-02-23,2024-09-08
161,15,2024-05-22,False,,2024-11-12,2024-08-07
162,1,2024-03-27,False,2025-04-30,2024-08-26,2024-11-11
163,8,2024-04-19,False,2024-05-31,2025-07-07,2024-09-23
164,1,2025-01-26,False,2025-04-06,2025-05-09,2025-03-06
165,8,2024-03-02,False,2024-07-06,2024-06-17,2024-07-16
166,11,2025-04-08,True,2025-07-01,2025-06-03,2025-05-07
167,2,2025-02-09,False,,2025-04-20,2025-04-25
168,5,2025-01-20,False,,2025-05-02,2025-03-13
169,12,2025-02-09,False,,2025-02-12,2025-06-16
170,7,2025-06-30,True,,2025-07-05,2025-07-09
171,7,2024-08-25,False,2024-09-25,2025-05-28,2025-06-11
172,9,2024-07-16,False,2024-10-23,2025-03-22,2025-07-08
173,1,2025-06-16,False,2025-07-10,2025-07-11,2025-07-08
174,7,2025-05-23,True,2025-07-08,2025-07-03,2025-06-16
175,7,2024-12-18,True,2025-07-06,2025-05-17,2024-12-25
176,14,2024-12-23,False,2025-03-25,2025-01-06,2025-01-12
177,7,2025-05-18,True,2025-06-24,2025-07-07,2025-07-09
178,9,2024-10-20,True,,2025-05-16,2025-01-24
179,6,2024-11-15,True,,2025-05-26,2025-06-17
180,9,2025-05-27,True,,2025-07-05,2025-06-03
181,6,2024-04-30,False,2025-03-29,2025-03-14,2024-06-10
182,5,2024-09-22,False,2024-10-24,2024-10-25,2024-09-23
183,14,2024-03-03,False,2025-06-07,2025-06-03,2024-09-11
184,15,2024-05-28,True,2024-06-16,2025-01-08,2024-08-09
185,6,2025-02-16,False,,2025-07-10,2025-02-21
186,4,2024-04-29,True,2024-07-21,2025-03-25,2024-08-05
187,7,2024-05-21,False,2024-10-11,2025-01-18,2025-03-02
188,6,2024-04-12,True,,2025-06-11,2024-12-10
189,8,2024-12-08,True,,2025-06-19,2025-06-18
190,15,2024-09-21,True,2024-11-24,2025-01-14,2025-06-21
191,2,2024-08-07,False,2024-09-09,2025-01-31,2024-11-03
192,9,2024-06-29,True,2025-07-08,2024-08-30,2025-03-13
193,8,2025-05-13,False,2025-07-07,2025-06-15,2025-07-01
194,2,2025-04-26,True,2025-06-14,2025-05-09,2025-07-05
195,12,2024-04-15,False,2024-06-01,2024-05-23,2024-08-07
196,7,2024-07-12,False,,2025-01-12,2024-10-05
197,13,2024-03-18,False,2025-02-20,2024-04-18,2025-03-11
198,3,2024-08-26,False,2025-02-12,2024-10-13,2025-03-14
199,2,2025-05-09,False,,2025-06-05,2025-06-18
200,2,2025-04-17,False,,2025-04-28,2025-07-03
201,3,2025-04-14,False,2025-07-04,2025-06-11,2025-05-22
202,8,2024-07-03,True,2025-05-05,2024-08-30,2025-06-02
203,12,2024-07-29,False,2024-12-14,2025-05-28,2024-08-13
204,3,2024-12-24,True,2025-01-26,2025-06-01,2025-02-10
205,8,2024-02-18,False,,2025-02-20,2024-09-28
206,2,2024-05-25,False,2025-02-16,2024-06-07,2025-01-25
207,4,2024-06-15,True,2025-06-01,2025-05-24,2025-05-30
208,11,2024-10-19,True,,2025-02-10,2025-05-29
209,3,2025-04-30,True,,2025-05-17,2025-05-23
210,3,2025-03-13,True,,2025-06-24,2025-04-28
211,4,2025-01-04,False,2025-03-28,2025-05-04,2025-07-06
212,10,2025-03-31,False,2025-05-15,2025-06-22,2025-05-07
213,10,2024-09-21,False,,2025-01-25,2024-12-19
214,1,2024-12-19,False,2025-05-29,2025-03-25,2025-04-07
215,15,2025-06-19,False,2025-07-05,2025-07-08,2025-06-27
216,10,2024-04-30,False,,2025-05-10,2025-01-19
217,6,2024-02-05,False,,2024-10-31,2025-01-03
218,3,2024-05-14,True,2024-07-23,2024-10-14,2024-11-16
219,14,2024-05-11,False,2024-11-05,2025-01-13,2024-05-17
220,2,2024-05-27,True,2025-05-11,2025-07-02,2024-08-06
221,1,2024-06-24,True,2024-10-16,2025-06-22,2025-04-05
222,8,2024-01-10,True,,2024-11-17,2024-02-23
223,4,2024-06-30,False,2025-05-21,2025-02-15,2025-02-06
224,8,2024-08-02,False,2025-03-27,2024-12-19,2025-02-15
225,14,2024-08-26,False,2025-05-28,2024-12-04,2025-07-09
226,1,2025-01-04,True,2025-05-01,2025-04-08,2025-04-12
227,3,2025-06-11,False,2025-07-08,2025-06-14,2025-06-23
228,12,2025-04-28,False,2025-07-11,2025-05-02,2025-06-13
229,8,2025-03-27,True,,2025-04-12,2025-07-03
230,6,2024-07-04,False,2024-09-17,2024-07-28,2025-02-13
231,5,2024-09-12,True,,2025-03-15,2025-01-01
232,1,2024-07-24,False,2024-09-09,2024-08-23,2025-04-10
233,6,2024-07-03,False,2024-10-27,2025-04-11,2025-03-22
234,11,2024-08-15,True,,2025-07-07,2025-04-27
235,3,2025-01-03,True,2025-05-16,2025-02-26,2025-05-26
236,1,2025-03-04,False,2025-07-04,2025-06-15,2025-07-05
237,2,2024-08-07,False,2025-01-21,2025-04-29,2025-02-17
238,14,2024-01-24,True,2025-06-21,2024-05-11,2024-07-02
239,9,2024-07-07,True,2024-08-10,2024-10-18,2025-04-07
240,5,2024-09-24,False,,2024-12-10,2025-03-27
241,15,2025-05-06,False,2025-06-09,2025-07-09,2025-05-30
242,12,2025-04-08,True,2025-05-05,2025-05-16,2025-06-10
243,1,2025-03-17,True,,2025-06-06,2025-07-10
244,2,2024-08-15,False,2025-02-26,2025-05-19,2025-01-06
245,6,2024-06-19,False,2024-08-21,2025-02-25,2025-05-02
246,4,2024-10-10,False,2025-05-26,2025-01-31,2025-05-26
247,7,2024-06-26,False,2024-07-28,2025-03-05,2024-12-01
248,15,2025-01-30,False,2025-03-01,2025-03-03,2025-06-09
249,3,2024-11-01,True,2024-12-23,2025-06-01,2024-12-14
250,5,2024-09-15,True,2025-03-23,2025-01-08,2025-01-07
251,15,2024-02-28,True,2024-03-23,2024-10-18,2024-10-22
252,2,2024-03-07,False,,2025-01-27,2025-01-20
253,8,2024-10-05,False,,2025-04-04,2025-01-29
254,12,2024-12-11,False,,2025-04-19,2025-04-15
255,2,2024-12-17,False,,2025-02-04,2025-06-18
256,7,2024-10-04,True,2025-04-10,2025-05-28,2025-03-07
257,14,2024-12-14,False,,2025-04-03,2025-05-10
258,1,2025-01-01,False,2025-06-21,2025-06-13,2025-06-10
259,7,2025-03-14,False,2025-05-26,2025-06-24,2025-04-30
260,8,2024-11-17,True,2025-04-29,2025-05-21,2025-06-15
261,15,2024-07-03,False,,2024-08-21,2025-02-10
262,9,2024-01-27,True,2025-06-09,2025-05-31,2024-06-09
263,10,2024-03-25,True,,2025-04-05,2025-05-03
264,10,2024-05-06,True,2024-05-15,2025-03-18,2025-01-03
265,1,2025-02-07,True,2025-05-04,2025-02-15,2025-04-12
266,1,2024-01-24,True,,2024-09-02,2025-02-25
267,8,2024-08-22,False,,2025-04-17,2024-11-01
268,13,2025-05-07,False,2025-05-09,2025-07-08,2025-06-01
269,14,2025-02-24,False,2025-05-06,2025-06-29,2025-04-22
270,1,2024-02-24,False,,2025-03-08,2024-07-01
271,3,2025-03-29,True,2025-05-20,2025-04-25,2025-05-01
272,13,2025-05-26,False,2025-06-14,2025-06-28,2025-07-12
273,6,2024-10-06,True,2024-11-23,2025-05-01,2025-01-22
274,1,2024-06-01,True,2024-08-13,2025-05-27,2025-02-03
275,14,2025-06-30,False,2025-07-06,2025-07-06,2025-07-02
276,12,2025-06-17,False,,2025-06-19,2025-07-05
277,4,2025-04-16,False,,2025-04-29,2025-04-19
278,14,2024-06-14,False,2024-12-08,2025-05-09,2025-06-26
279,8,2024-10-04,True,2025-02-02,2025-05-14,2025-01-17
280,13,2024-04-19,True,,2025-05-23,2025-03-20
281,10,2024-03-29,True,,2024-08-09,2025-04-21
282,8,2025-05-16,False,2025-06-03,2025-05-30,2025-05-30
283,2,2025-02-07,False,2025-03-07,2025-02-22,2025-04-26
284,9,2024-06-14,True,2024-10-05,2025-06-11,2024-09-06
285,14,2025-02-05,True,2025-04-17,2025-07-09,2025-04-24
286,11,2024-07-15,False,2025-03-17,2025-02-15,2025-01-08
287,12,2025-04-19,False,,2025-05-10,2025-06-29
288,6,2025-05-04,False,2025-06-27,2025-05-26,2025-06-20
289,6,2025-07-03,False,2025-07-10,2025-07-11,2025-07-09
290,14,2024-10-14,False,2025-04-10,2025-05-31,2025-06-06
291,6,2024-05-01,False,2025-03-08,2025-05-19,2024-05-14
292,10,2024-08-03,True,2024-09-26,2024-11-05,2025-07-10
293,12,2025-02-07,False,2025-06-21,2025-05-14,2025-07-05
294,10,2024-12-14,False,2025-05-13,2025-01-08,2025-02-04
295,12,2024-08-11,True,,2025-02-18,2025-07-05
296,14,2024-05-07,True,,2025-05-05,2024-11-02
297,6,2024-08-09,True,2024-10-19,2024-08-19,2024-12-29
298,15,2025-03-25,False,2025-05-08,2025-03-30,2025-06-16
299,12,2024-04-20,False,2025-07-10,2025-01-06,2024-08-22
300,2,2024-10-23,True,2025-02-13,2025-03-02,2024-12-11
301,12,2025-04-19,True,2025-06-15,2025-05-04,2025-05-14
302,3,2024-01-13,False,2024-02-17,2024-07-29,2025-04-13
303,12,2024-02-29,False,2024-10-27,2024-06-28,2024-02-29
304,7,2024-07-06,True,2025-05-13,2025-05-26,2025-05-21
305,9,2025-01-10,True,2025-01-26,2025-07-03,2025-01-15
306,10,2024-01-04,False,2025-02-09,2025-01-26,2024-08-23
307,5,2024-07-10,False,,2025-01-03,2024-07-11
308,3,2025-01-30,False,,2025-06-17,2025-05-06
309,12,2025-01-12,True,2025-06-05,2025-01-17,2025-02-25
310,7,2025-01-12,False,2025-02-05,2025-01-21,2025-06-18
311,2,2024-04-18,True,2024-04-24,2025-05-13,2024-09-26
312,1,2025-02-21,False,2025-05-23,2025-06-12,2025-05-05
313,14,2024-06-27,False,2024-08-28,2024-10-26,2024-09-11
314,8,2025-04-12,True,2025-06-29,2025-04-25,2025-05-11
315,3,2024-09-29,True,2025-02-10,2024-11-13,2024-11-29
316,8,2024-03-15,False,2025-04-14,2024-07-11,2024-06-25
317,8,2025-04-15,True,2025-06-02,2025-07-09,2025-04-20
318,12,2025-05-10,False,2025-05-22,2025-06-02,2025-05-11
319,10,2025-05-20,True,,2025-07-10,2025-06-20
320,11,2024-03-28,False,,2025-05-31,2024-11-20
321,4,2024-09-23,False,2025-01-21,2024-09-28,2024-11-10
322,11,2025-05-01,False,,2025-06-19,2025-07-11
323,15,2024-05-19,True,2025-02-26,2025-04-25,2024-12-12
324,7,2025-05-28,True,2025-06-25,2025-06-09,2025-06-05
325,7,2025-04-14,False,2025-07-07,2025-05-15,2025-06-02
326,7,2024-06-26,True,,2024-10-15,2024-09-21
327,15,2025-03-25,False,2025-05-18,2025-04-27,2025-06-16
328,3,2024-06-05,False,,2025-05-19,2025-02-21
329,10,2024-09-23,True,2025-01-07,2024-11-29,2024-11-16
330,11,2024-05-15,True,2024-11-25,2024-12-29,2025-05-17
331,7,2025-04-11,True,2025-06-27,2025-06-24,2025-06-04
332,5,2024-11-22,False,,2025-04-19,2024-11-23
333,5,2024-06-28,True,2025-02-17,2025-02-12,2025-04-15
334,10,2024-07-16,False,2025-03-07,2024-10-05,2025-05-26
335,11,2025-01-04,True,,2025-03-05,2025-06-01
336,3,2024-10-23,False,,2025-05-15,2025-05-18
337,13,2025-03-10,True,2025-06-16,2025-07-12,2025-05-07
338,8,2024-02-18,True,2025-05-07,2025-01-01,2025-02-06
339,4,2024-12-29,True,,2025-06-25,2025-04-07
340,14,2025-02-22,False,2025-04-18,2025-06-27,2025-03-16
341,6,2024-10-09,True,2024-11-22,2025-01-14,2025-01-07
342,5,2024-08-26,False,2025-02-04,2025-06-12,2024-11-20
343,8,2024-06-02,False,2024-09-11,2024-08-07,2025-01-16
344,8,2024-12-31,True,2025-01-24,2025-01-22,2025-05-03
345,9,2025-06-02,False,2025-07-08,2025-06-13,2025-07-07
346,7,2024-07-09,False,2024-10-29,2024-08-27,2025-05-18
347,7,2025-05-17,True,,2025-06-18,2025-06-12
348,11,2024-05-07,False,,2025-02-21,2024-12-16
349,3,2025-02-20,False,,2025-04-11,2025-05-10
350,13,2024-01-03,True,,2025-04-02,2024-08-10
351,13,2024-08-06,True,2025-01-16,2024-12-09,2025-02-10
352,5,2025-06-06,True,2025-06-07,2025-06-10,2025-06-27
353,15,2024-04-17,True,2025-02-20,2024-11-18,2024-05-19
354,8,2025-03-08,False,2025-03-21,2025-05-18,2025-05-13
355,13,2024-02-26,False,2024-09-20,2024-05-12,2024-04-19
356,7,2025-01-26,False,2025-01-30,2025-04-15,2025-02-20
357,10,2025-02-14,False,2025-03-25,2025-03-13,2025-04-26
358,14,2025-02-15,True,,2025-03-06,2025-06-30
359,14,2025-04-24,True,2025-05-12,2025-07-06,2025-05-30
360,12,2024-07-08,False,2024-09-01,2024-08-21,2024-07-18
361,1,2024-12-16,True,2025-02-16,2025-06-14,2025-02-25
362,9,2025-05-01,True,2025-06-19,2025-07-09,2025-06-28
363,8,2024-09-01,True,2024-10-27,2025-07-08,2025-06-24
364,3,2025-03-23,False,2025-04-18,2025-04-25,2025-03-27
365,1,2024-05-28,False,2025-04-10,2025-06-10,2025-04-11
366,2,2024-05-13,True,2025-04-05,2024-05-15,2024-11-28
367,13,2024-01-01,False,2024-12-15,2025-06-22,2025-06-20
368,1,2024-10-14,False,,2025-06-01,2025-06-28
369,12,2025-04-13,True,2025-04-20,2025-06-28,2025-06-18
370,2,2025-01-04,True,2025-01-28,2025-01-13,2025-02-19
371,3,2025-04-26,True,2025-06-04,2025-05-16,2025-06-13
372,12,2024-02-03,True,2024-05-04,2025-05-20,2024-10-27
373,4,2024-04-09,True,2024-07-19,2025-05-03,2025-05-29
374,4,2025-05-31,True,2025-07-01,2025-05-31,2025-07-01
375,5,2024-05-04,False,2024-11-16,2024-11-06,2024-08-18
376,13,2024-09-23,False,2025-06-12,2024-12-05,2024-10-07
377,9,2025-05-24,False,2025-07-07,2025-07-07,2025-05-29
378,8,2024-08-04,False,,2025-04-19,2024-12-20
379,2,2024-11-23,False,2025-04-05,2025-03-07,2025-05-05
380,8,2024-05-25,True,,2024-06-17,2025-04-23
381,3,2025-05-15,True,,2025-06-12,2025-05-22
382,15,2024-04-06,False,2024-08-19,2024-11-03,2025-01-14
383,4,2024-06-28,False,2025-04-13,2024-11-29,2024-07-03
384,4,2024-12-03,True,2025-01-30,2025-02-05,2025-04-12
385,12,2025-04-27,False,,2025-07-12,2025-07-11
386,15,2024-08-18,False,2025-02-04,2025-04-22,2024-11-06
387,11,2025-07-08,False,,2025-07-08,2025-07-11
388,7,2024-06-05,False,,2024-06-30,2025-01-11
389,8,2025-01-05,False,,2025-06-24,2025-01-12
390,8,2024-06-25,False,2024-09-01,2025-07-09,2024-12-28
391,11,2024-06-18,False,2024-07-25,2024-06-20,2024-09-24
392,12,2024-07-27,True,2024-09-18,2024-11-29,2025-05-09
393,2,2024-12-03,True,2025-04-11,2025-03-22,2024-12-05
394,5,2024-04-27,False,2024-05-04,2025-02-23,2025-05-02
395,13,2025-01-26,False,2025-02-10,2025-04-09,2025-06-13
396,12,2025-03-14,False,,2025-04-07,2025-03-21
397,5,2025-04-13,False,2025-06-17,2025-06-19,2025-04-17
398,15,2024-06-29,False,2024-12-18,2024-12-11,2025-06-22
399,6,2025-07-12,False,,2025-07-12,2025-07-12
400,12,2025-02-09,False,2025-03-21,2025-03-14,2025-03-17
401,1,2024-03-31,False,2025-05-31,2024-09-14,2025-02-28
402,2,2024-08-02,True,2025-03-04,2025-01-20,2024-12-24
403,12,2024-03-27,False,2025-06-16,2025-02-26,2025-03-12
404,4,2024-01-09,True,2025-02-01,2024-09-19,2024-06-03
405,4,2024-04-08,False,2025-01-02,2024-04-15,2025-07-04
406,1,2024-10-06,False,,2024-12-17,2025-01-31
407,1,2025-03-21,False,2025-04-07,2025-05-31,2025-06-16
408,11,2024-11-16,True,,2025-04-11,2025-03-03
409,2,2024-04-20,True,,2025-04-21,2024-07-06
410,11,2025-02-10,True,2025-07-02,2025-06-12,2025-06-28
411,11,2024-01-02,False,2024-02-07,2024-01-24,2025-01-08
412,3,2024-10-04,True,2025-03-08,2024-10-10,2025-06-10
413,1,2025-05-01,True,,2025-06-29,2025-05-18
414,13,2024-05-24,False,2025-05-03,2024-07-11,2024-10-27
415,4,2024-11-15,True,2025-01-15,2025-06-29,2025-03-01
416,2,2025-02-18,True,,2025-04-07,2025-05-09
417,7,2024-08-13,False,,2025-02-03,2025-04-04
418,1,2025-06-07,False,2025-07-11,2025-06-30,2025-06-27
419,10,2024-04-16,False,2025-01-12,2024-07-29,2025-01-17
420,2,2024-07-19,True,2025-02-28,2025-04-23,2024-08-28
421,5,2024-02-26,False,2025-01-02,2025-03-29,2024-10-01
422,12,2024-06-09,False,,2024-09-28,2024-07-13
423,1,2024-03-18,True,2025-05-01,2024-11-04,2024-09-22
424,8,2024-12-01,False,2025-06-22,2025-04-03,2025-06-20
425,3,2024-08-22,False,2025-06-17,2025-04-17,2025-02-13
426,4,2024-04-24,False,2025-02-12,2025-01-08,2024-07-28
427,15,2025-04-11,True,2025-04-29,2025-06-02,2025-06-04
428,11,2024-09-08,False,2025-01-15,2025-02-14,2025-02-13
429,11,2024-03-16,False,2025-06-10,2024-09-22,2025-06-07
430,9,2024-06-30,False,2025-05-14,2024-11-06,2024-09-16
431,9,2024-11-11,True,2025-02-14,2025-06-30,2025-02-27
432,5,2024-07-04,False,2025-05-01,2024-09-08,2024-08-28
433,1,2024-05-04,True,2025-04-02,2024-12-23,2024-10-26
434,3,2025-04-21,True,2025-07-08,2025-06-02,2025-05-19
435,8,2025-01-21,False,2025-06-15,2025-05-18,2025-06-19
436,9,2024-03-30,False,2024-10-31,2025-05-25,2024-08-09
437,9,2024-01-26,False,,2024-11-08,2024-09-04
438,14,2024-03-14,True,2025-02-22,2025-01-30,2024-06-07
439,12,2025-04-25,False,2025-05-23,2025-07-02,2025-06-29
440,13,2024-08-03,True,2024-08-26,2025-02-25,2025-01-03
441,14,2024-11-20,False,2025-01-07,2025-01-27,2025-05-17
442,3,2024-12-02,False,2025-06-04,2025-03-18,2025-05-15
443,5,2025-02-09,False,2025-03-24,2025-06-09,2025-06-19
444,9,2024-12-31,True,2025-04-08,2025-03-17,2025-03-23
445,10,2024-03-18,True,2024-11-12,2024-10-11,2024-11-19
446,15,2024-08-07,True,,2025-01-14,2025-06-15
447,8,2024-10-09,False,2025-05-01,2024-11-06,2025-07-08
448,1,2025-04-10,False,,2025-05-23,2025-06-29
449,14,2025-04-14,False,2025-05-18,2025-05-23,2025-06-15
450,12,2024-12-03,True,2025-05-18,2025-01-01,2025-06-24
451,12,2024-10-31,False,2025-04-08,2025-04-19,2024-11-05
452,13,2024-10-29,True,2025-02-28,2025-02-28,2025-02-06
453,1,2024-05-03,False,,2024-12-14,2024-12-21
454,4,2024-04-23,False,,2025-01-06,2025-07-03
455,13,2024-08-18,False,,2025-03-14,2025-03-16
456,8,2024-03-14,True,2025-03-28,2024-05-18,2025-06-27
457,3,2024-12-31,False,,2025-03-24,2024-12-31
458,9,2024-01-07,False,2024-01-15,2024-07-04,2024-08-05
459,1,2024-04-19,True,,2025-06-10,2024-12-31
460,3,2024-01-13,True,2024-11-02,2025-03-12,2025-02-28
461,11,2025-03-23,True,2025-05-26,2025-03-23,2025-04-08
462,12,2025-05-17,False,2025-06-07,2025-05-24,2025-06-03
463,6,2024-12-09,False,2025-07-09,2025-05-20,2025-02-04
464,3,2025-05-05,False,2025-05-10,2025-06-15,2025-06-18
465,6,2024-01-25,True,2024-04-14,2025-03-19,2024-05-01
466,1,2024-07-16,True,2025-02-04,2024-07-26,2024-10-15
467,10,2024-02-26,True,2024-11-04,2024-09-03,2024-10-07
468,8,2025-06-03,False,2025-07-04,2025-07-10,2025-06-06
469,14,2024-05-21,False,,2024-11-22,2024-11-12
470,12,2025-04-07,False,,2025-07-07,2025-06-02
471,6,2024-08-10,False,,2025-05-27,2025-02-01
472,9,2024-11-06,False,2025-04-01,2025-05-02,2025-01-13
473,13,2024-05-12,True,2024-07-19,2024-06-12,2024-12-08
474,4,2024-10-17,True,,2025-03-25,2024-12-21
475,8,2024-04-04,False,2025-02-23,2024-04-08,2025-03-19
476,13,2025-03-24,False,2025-07-03,2025-06-10,2025-06-09
477,5,2025-04-05,True,2025-04-16,2025-04-26,2025-06-28
478,12,2024-07-14,False,2024-10-11,2025-05-15,2024-12-10
479,6,2024-04-04,True,,2025-01-28,2024-04-08
480,15,2025-05-17,False,2025-06-10,2025-06-15,2025-07-11
481,3,2024-10-03,True,,2025-04-20,2025-04-08
482,12,2025-02-03,False,,2025-03-26,2025-02-12
483,12,2024-09-11,True,2025-04-02,2024-10-07,2025-06-27
484,3,2024-07-15,False,2024-07-24,2025-05-24,2025-01-03
485,11,2025-06-12,False,2025-07-04,2025-06-15,2025-06-15
486,7,2025-05-13,True,2025-06-29,2025-07-10,2025-05-15
487,8,2025-03-16,True,2025-06-28,2025-05-10,2025-04-24
488,13,2025-07-05,False,2025-07-06,2025-07-12,2025-07-09
489,5,2025-02-16,True,,2025-04-07,2025-06-10
490,1,2024-10-01,False,2024-12-28,2025-05-02,2024-12-12
491,9,2025-05-28,False,2025-07-06,2025-06-01,2025-06-07
492,12,2024-09-17,False,2025-04-26,2025-05-11,2025-05-13
493,8,2024-04-22,False,,2024-09-23,2024-11-29
494,12,2025-06-04,False,2025-07-07,2025-06-09,2025-07-02
495,6,2025-03-10,False,,2025-06-25,2025-03-21
496,8,2024-07-03,True,,2024-11-11,2025-05-09
497,13,2024-04-12,True,2025-02-27,2024-08-13,2025-02-21
498,13,2024-04-22,False,2024-05-31,2025-05-17,2024-08-05
499,7,2024-06-27,False,2024-07-30,2024-08-26,2025-04-09
500,8,2024-11-22,False,2025-03-02,2024-11-22,2025-05-10
501,10,2024-10-25,False,2025-06-16,2025-01-26,2025-05-16
502,3,2024-11-12,True,,2025-04-13,2025-06-24
503,10,2025-03-24,False,2025-05-10,2025-04-23,2025-05-12
504,3,2024-03-22,False,2024-04-27,2024-09-07,2025-06-06
505,14,2024-11-26,False,2025-05-23,2025-06-17,2025-07-07
506,1,2024-07-18,True,,2025-01-22,2025-01-09
507,3,2024-11-08,False,2024-12-31,2025-02-11,2025-01-11
508,7,2024-02-08,False,2025-02-05,2024-11-11,2024-09-28
509,2,2024-08-26,True,2024-12-01,2025-03-14,2025-01-10
510,15,2024-11-05,True,2025-02-03,2024-11-22,2024-11-22
511,6,2024-06-08,False,2025-03-01,2025-03-03,2025-05-24
512,5,2024-10-20,True,,2025-02-24,2025-03-29
513,1,2024-03-31,True,2024-09-02,2024-06-27,2025-04-09
514,15,2024-08-02,False,2024-08-03,2024-12-24,2024-10-13
515,5,2024-04-11,False,,2025-05-28,2024-07-28
516,15,2024-05-27,False,2024-09-27,2024-06-02,2025-04-20
517,14,2024-12-24,False,2025-06-02,2025-02-21,2025-05-26
518,12,2025-05-06,False,2025-06-17,2025-06-26,2025-06-07
519,8,2024-09-09,False,2024-12-20,2025-02-21,2025-06-18
520,1,2024-05-01,False,2024-11-25,2024-11-11,2025-01-11
521,9,2025-05-07,True,2025-05-17,2025-05-26,2025-07-01
522,8,2025-03-14,False,2025-04-09,2025-03-29,2025-04-15
523,9,2024-01-21,False,2024-06-08,2024-06-07,2024-10-05
524,14,2024-06-18,False,2025-03-16,2025-02-11,2024-08-16
525,8,2024-05-13,False,2024-10-01,2025-02-27,2025-04-02
526,5,2025-04-01,False,,2025-04-11,2025-06-02
527,8,2024-09-03,False,,2024-12-02,2024-12-28
528,4,2025-05-15,False,,2025-05-22,2025-06-10
529,5,2024-03-06,True,2024-08-17,2025-01-12,2024-03-16
530,6,2025-06-08,False,2025-06-09,2025-06-17,2025-06-18
531,9,2024-05-10,False,2024-05-18,2024-06-23,2024-12-19
532,11,2024-03-16,False,2025-02-09,2025-02-11,2025-04-03
533,10,2025-03-08,False,,2025-05-14,2025-06-03
534,5,2025-03-03,False,2025-03-20,2025-04-16,2025-07-05
535,6,2025-04-01,False,,2025-06-26,2025-05-16
536,9,2024-06-28,False,,2024-07-18,2025-04-09
537,2,2025-06-07,True,2025-07-04,2025-06-26,2025-07-01
538,13,2024-06-25,False,,2025-01-25,2024-08-25
539,7,2024-06-01,True,,2025-01-01,2024-10-13
540,15,2024-09-29,False,,2025-07-08,2025-03-30
541,8,2025-02-02,False,2025-05-10,2025-04-08,2025-03-08
542,2,2025-03-17,False,,2025-04-25,2025-04-09
543,13,2024-12-08,False,2025-02-13,2025-06-15,2025-01-22
544,7,2024-07-07,True,2025-03-28,2025-01-30,2024-08-02
545,1,2025-05-05,True,2025-05-06,2025-05-15,2025-06-18
546,5,2024-12-08,False,,2025-07-05,2025-01-03
547,14,2024-07-05,False,,2025-06-26,2024-09-02
548,6,2025-01-10,True,2025-04-07,2025-02-05,2025-03-10
549,4,2024-08-16,False,2025-02-06,2025-04-24,2025-02-24
550,7,2025-06-10,True,2025-06-26,2025-07-07,2025-06-15
551,15,2025-03-29,False,,2025-05-09,2025-05-19
552,15,2024-06-06,False,,2024-08-26,2025-05-31
553,8,2025-02-17,True,2025-03-11,2025-03-12,2025-02-19
554,2,2024-11-09,True,2025-04-04,2024-11-25,2025-05-27
555,1,2024-01-01,True,2024-02-26,2024-07-31,2025-06-24
556,1,2024-02-10,False,2024-03-28,2024-06-29,2025-06-11
557,2,2025-06-02,False,2025-06-26,2025-06-16,2025-07-11
558,9,2024-09-08,True,2024-11-26,2024-11-16,2024-09-14
559,15,2024-04-16,True,2025-07-01,2024-06-07,2024-06-07
560,1,2024-04-09,True,2024-08-02,2025-03-08,2025-03-30
561,9,2024-05-26,True,,2024-10-23,2024-08-23
562,2,2024-11-06,False,2024-11-30,2025-06-10,2025-02-14
563,10,2024-05-07,True,2024-07-10,2025-01-16,2024-11-25
564,4,2024-06-11,True,2025-02-09,2024-12-24,2025-06-24
565,6,2024-08-08,True,2025-05-07,2024-08-08,2025-03-19
566,14,2024-03-27,False,2024-09-23,2024-05-30,2025-03-31
567,7,2024-08-23,True,2025-03-30,2025-04-10,2025-05-07
568,7,2024-09-29,False,2024-10-24,2025-04-13,2024-11-25
569,2,2025-01-01,True,2025-03-15,2025-05-01,2025-06-22
570,1,2024-07-14,False,,2025-03-28,2024-08-08
571,15,2024-09-05,False,,2024-10-03,2025-04-24
572,5,2024-03-04,False,2025-06-07,2024-04-17,2024-11-25
573,1,2024-04-12,False,2025-05-09,2025-04-21,2024-12-19
574,12,2024-09-13,False,,2025-05-01,2025-07-03
575,6,2024-02-15,False,,2025-05-02,2024-08-12
576,2,2024-11-14,False,2025-07-07,2025-06-17,2025-05-27
577,8,2024-12-19,True,,2025-03-16,2024-12-19
578,1,2025-02-03,True,2025-04-18,2025-03-02,2025-05-28
579,11,2024-11-30,True,2025-03-17,2025-05-25,2025-02-21
580,14,2024-12-18,False,,2024-12-25,2024-12-29
581,3,2025-06-30,False,2025-07-06,2025-07-11,2025-06-30
582,4,2024-09-01,False,,2025-02-01,2025-04-17
583,7,2024-04-18,False,2024-06-11,2025-02-09,2024-08-05
584,3,2025-03-09,True,,2025-05-28,2025-04-27
585,3,2024-04-21,False,2025-02-07,2025-04-09,2025-04-03
586,6,2024-08-18,True,2025-06-23,2025-04-05,2025-06-24
587,12,2024-02-06,True,2024-03-11,2025-02-24,2025-06-14
588,6,2024-10-27,False,,2024-12-11,2025-02-17
589,5,2024-02-25,False,2025-05-04,2025-01-04,2025-02-23
590,4,2024-11-01,True,,2025-01-26,2025-05-08
591,5,2024-10-25,True,,2025-03-11,2024-12-17
592,11,2024-11-25,True,2025-04-24,2025-01-24,2025-06-23
593,11,2024-03-22,True,2024-05-26,2025-07-01,2024-09-07
594,14,2024-05-04,True,2024-06-26,2024-11-19,2024-11-08
595,13,2024-07-02,True,2024-12-18,2025-03-25,2024-11-25
596,3,2025-04-11,False,2025-06-09,2025-05-02,2025-05-14
597,7,2024-01-21,False,,2024-11-09,2024-08-10
598,6,2024-07-20,False,2024-07-25,2025-01-10,2025-04-15
599,14,2024-08-02,True,,2025-05-14,2025-04-28
600,6,2024-05-18,True,,2025-05-12,2024-08-08
601,13,2024-03-24,True,,2024-04-29,2025-04-01
602,3,2025-06-12,False,,2025-07-06,2025-06-20
603,1,2024-04-30,False,2024-06-30,2024-07-09,2024-06-01
604,4,2024-02-20,False,,2024-05-24,2025-01-20
605,13,2024-04-07,True,2024-06-29,2024-10-27,2024-04-30
606,5,2024-08-18,True,2025-07-07,2024-11-22,2024-09-19
607,7,2024-01-18,False,,2025-06-14,2025-07-09
608,1,2024-06-05,False,,2024-06-28,2025-05-05
609,6,2024-03-03,True,2025-05-05,2024-06-26,2024-06-08
610,5,2025-01-12,False,2025-05-07,2025-01-25,2025-04-01
611,6,2025-04-17,True,2025-06-10,2025-04-29,2025-05-23
612,9,2024-03-06,False,2025-03-11,2025-02-15,2024-06-05
613,1,2025-05-06,True,2025-05-23,2025-05-08,2025-05-26
614,14,2024-06-28,False,,2025-06-30,2024-08-30
615,5,2025-06-18,True,2025-07-04,2025-06-22,2025-06-18
616,10,2024-11-11,False,,2025-04-26,2025-06-27
617,9,2024-05-04,True,2024-11-22,2024-06-22,2024-09-01
618,8,2025-05-03,False,,2025-06-20,2025-05-26
619,1,2024-07-27,False,2025-06-01,2024-08-06,2024-08-26
620,1,2024-11-26,False,2025-03-07,2025-03-06,2025-05-08
621,5,2024-08-02,False,2024-11-11,2024-12-23,2024-08-12
622,14,2024-10-12,False,2025-03-15,2025-06-21,2025-04-12
623,3,2025-07-05,True,2025-07-10,2025-07-12,2025-07-06
624,2,2024-04-04,True,2024-06-11,2024-05-16,2024-06-29
625,1,2024-03-30,False,2025-03-08,2024-12-29,2024-07-26
626,2,2024-02-11,False,2024-08-01,2025-07-08,2024-06-25
627,6,2024-04-25,False,,2025-05-06,2025-04-26
628,3,2025-05-15,False,2025-05-17,2025-06-01,2025-05-16
629,9,2024-10-17,False,,2025-04-25,2024-11-15
630,12,2024-08-08,False,2024-08-14,2024-10-25,2025-01-25
631,1,2024-05-01,False,,2024-11-10,2024-09-24
632,5,2024-12-27,True,2025-01-03,2025-01-20,2025-05-17
633,11,2025-01-06,False,2025-02-25,2025-01-15,2025-04-10
634,4,2025-06-02,False,2025-06-24,2025-06-24,2025-07-04
635,10,2024-04-22,True,2025-06-09,2024-11-29,2025-02-22
636,12,2025-05-08,False,2025-06-26,2025-06-23,2025-05-08
637,10,2024-03-31,False,,2024-07-24,2025-02-01
638,3,2024-10-16,False,,2025-02-27,2024-12-29
639,2,2024-07-23,False,,2025-02-08,2025-07-06
640,12,2024-01-26,False,2024-01-27,2024-08-05,2025-03-10
641,13,2024-09-12,True,2025-04-03,2025-01-19,2024-11-03
642,9,2024-05-09,False,,2024-12-06,2024-07-13
643,4,2024-07-25,True,2025-02-13,2024-09-19,2025-07-09
644,13,2024-08-30,False,2025-03-30,2025-05-29,2025-03-03
645,7,2024-12-27,True,2025-03-12,2025-02-06,2025-07-10
646,10,2024-05-07,True,2024-08-28,2024-05-26,2024-11-19
647,5,2025-04-15,False,,2025-06-11,2025-05-05
648,12,2024-12-30,True,2025-07-06,2025-05-16,2025-05-08
649,13,2024-11-04,False,2024-12-08,2025-06-21,2025-07-07
650,4,2024-03-15,True,2025-04-02,2025-02-08,2024-09-17
651,2,2024-08-12,False,2024-11-11,2025-05-25,2024-12-17
652,15,2024-01-09,True,2025-04-20,2025-01-25,2025-02-08
653,10,2024-01-19,False,,2025-01-29,2024-06-03
654,14,2025-06-29,True,2025-07-06,2025-07-12,2025-07-11
655,1,2024-07-21,True,2025-06-29,2025-04-27,2025-02-28
656,9,2024-02-29,False,2025-05-15,2025-06-02,2025-02-21
657,4,2024-12-29,False,,2025-04-05,2025-02-12
658,6,2025-06-22,True,2025-07-09,2025-07-12,2025-07-12
659,13,2024-05-24,False,,2024-10-22,2024-09-12
660,3,2024-06-01,True,2025-02-15,2024-08-09,2025-06-24
661,12,2025-05-22,True,2025-07-06,2025-07-06,2025-05-31
662,13,2025-06-18,True,2025-06-19,2025-06-18,2025-06-26
663,11,2024-03-13,False,2024-04-18,2025-05-10,2024-08-09
664,13,2024-06-30,False,2024-07-29,2025-06-03,2025-04-14
665,1,2025-04-18,True,2025-06-05,2025-06-25,2025-04-28
666,8,2024-04-16,False,2025-06-15,2024-09-23,2025-03-16
667,11,2024-01-21,True,2024-12-06,2024-06-13,2025-03-25
668,4,2024-05-06,False,2024-06-11,2024-10-06,2024-08-05
669,15,2025-04-12,True,2025-05-25,2025-05-28,2025-06-16
670,12,2024-01-16,False,2024-09-20,2024-08-18,2024-09-18
671,2,2024-12-13,False,2025-05-05,2025-07-05,2025-01-03
672,15,2024-03-10,False,,2024-07-05,2024-06-01
673,13,2025-04-03,True,2025-06-24,2025-07-03,2025-05-28
674,12,2025-06-29,False,,2025-07-11,2025-07-07
675,3,2025-03-17,False,2025-05-10,2025-03-31,2025-05-26
676,7,2025-03-20,False,2025-05-26,2025-05-21,2025-05-24
677,6,2024-10-15,False,,2024-11-29,2025-03-19
678,9,2025-05-25,False,,2025-07-03,2025-06-22
679,6,2025-03-31,True,2025-05-17,2025-06-22,2025-05-02
680,12,2024-01-27,False,,2025-06-23,2025-06-01
681,12,2024-05-27,True,2024-07-07,2024-06-09,2024-06-25
682,8,2024-04-28,False,,2024-11-11,2025-06-19
683,11,2024-03-28,True,2025-01-04,2024-10-24,2025-05-24
684,10,2024-01-10,False,2024-03-25,2024-12-28,2024-11-27
685,6,2025-05-02,True,2025-06-22,2025-06-15,2025-06-05
686,10,2024-02-20,True,,2024-11-07,2024-09-10
687,11,2025-03-13,True,2025-05-15,2025-05-10,2025-03-28
688,11,2024-01-06,False,2025-02-03,2024-07-31,2024-09-05
689,14,2024-01-18,True,2024-04-08,2025-06-12,2024-08-29
690,5,2024-11-07,True,2025-05-15,2024-12-10,2025-02-03
691,11,2024-09-01,False,,2025-06-06,2025-07-01
692,15,2024-10-09,False,2025-04-17,2025-02-02,2024-11-10
693,2,2024-03-27,True,,2025-05-17,2024-07-13
694,6,2024-10-14,True,2025-04-29,2024-11-24,2025-02-10
695,10,2024-05-02,False,,2025-07-12,2024-08-14
696,4,2024-11-20,True,2025-04-07,2025-06-12,2025-02-15
697,7,2024-01-19,False,2025-05-06,2024-11-20,2024-09-27
698,14,2024-03-24,False,2024-08-22,2024-07-23,2024-07-02
699,15,2025-05-06,True,,2025-05-08,2025-06-15
700,6,2024-07-02,False,,2025-02-18,2024-07-07
701,6,2024-11-24,False,2025-02-08,2024-12-30,2024-11-26
702,4,2024-01-09,False,,2025-02-07,2025-04-24
703,4,2024-02-11,True,2025-05-11,2024-06-02,2024-04-23
704,4,2024-07-23,True,2025-05-22,2024-10-07,2024-07-26
705,14,2024-09-14,True,2025-06-15,2025-02-13,2025-01-23
706,5,2025-04-05,True,2025-05-09,2025-04-30,2025-06-02
707,11,2024-09-09,False,,2025-05-26,2025-05-30
708,15,2025-02-19,False,,2025-05-23,2025-04-23
709,3,2024-04-23,False,2025-06-24,2024-11-17,2024-10-13
710,10,2024-03-11,False,2024-03-18,2024-10-31,2025-05-25
711,7,2024-05-18,False,2024-11-08,2025-07-05,2025-02-05
712,7,2024-12-02,True,2025-02-20,2025-05-01,2024-12-15
713,7,2024-05-27,True,2025-03-17,2025-01-12,2025-01-27
714,4,2024-05-31,False,,2025-06-09,2025-06-23
715,3,2024-06-07,False,2024-12-19,2025-01-18,2024-09-13
716,14,2024-08-05,False,2025-06-11,2024-10-23,2025-04-11
717,6,2024-10-27,False,2025-07-02,2024-11-26,2025-06-04
718,15,2024-08-15,True,2024-09-16,2024-11-16,2024-08-25
719,15,2024-02-11,False,,2024-10-30,2024-11-06
720,7,2024-10-27,False,,2025-04-09,2025-01-22
721,1,2025-06-01,True,2025-06-06,2025-06-24,2025-06-26
722,15,2024-07-01,True,2025-01-01,2024-07-11,2024-07-06
723,5,2024-11-07,True,2025-06-18,2025-05-13,2024-12-26
724,13,2025-03-17,False,2025-03-17,2025-04-22,2025-03-27
725,7,2024-12-15,True,,2025-06-19,2025-03-19
726,9,2024-10-01,True,2025-03-01,2025-04-29,2025-03-20
727,4,2025-04-12,False,2025-04-21,2025-04-27,2025-04-26
728,6,2024-10-22,True,2025-02-27,2025-05-11,2025-04-13
729,10,2025-02-14,False,2025-04-24,2025-07-04,2025-03-04
730,1,2025-01-21,True,2025-06-23,2025-03-09,2025-04-30
731,14,2024-11-05,True,2025-05-14,2024-12-14,2025-04-06
732,4,2024-04-11,True,2025-04-19,2024-12-24,2024-08-19
733,15,2024-09-28,False,2025-04-08,2025-01-09,2025-06-15
734,3,2024-07-19,False,,2025-01-05,2025-01-19
735,2,2024-12-28,True,2025-04-25,2025-06-04,2025-07-11
736,7,2025-05-26,False,2025-06-02,2025-07-11,2025-07-05
737,5,2025-03-26,False,2025-04-07,2025-06-03,2025-05-05
738,7,2024-05-14,False,2025-01-23,2025-07-12,2025-01-04
739,9,2024-08-01,False,2024-11-21,2024-09-02,2025-07-03
740,7,2024-05-09,True,,2024-10-18,2024-09-08
741,9,2024-05-01,True,,2025-05-17,2024-05-25
742,2,2024-11-01,False,2025-03-18,2024-11-05,2025-05-24
743,14,2025-05-20,False,2025-06-30,2025-06-28,2025-07-04
744,5,2025-04-06,False,,2025-04-08,2025-05-13
745,13,2024-04-02,False,2025-01-03,2024-06-16,2025-07-02
746,12,2025-01-27,False,2025-03-20,2025-02-20,2025-02-02
747,2,2025-04-21,False,,2025-06-27,2025-06-30
748,13,2025-05-17,True,2025-06-10,2025-06-06,2025-06-09
749,12,2025-04-27,False,2025-05-02,2025-06-28,2025-06-22
750,6,2025-06-28,False,2025-07-12,2025-07-09,2025-07-10
751,11,2024-08-16,False,2025-07-12,2025-03-18,2024-11-23
752,2,2024-09-11,True,,2025-05-23,2024-10-16
753,9,2024-02-21,True,2024-07-21,2024-05-06,2024-12-10
754,7,2025-05-26,False,2025-07-12,2025-07-08,2025-05-27
755,4,2025-02-23,True,,2025-04-11,2025-06-30
756,8,2024-12-09,False,2025-07-07,2025-01-08,2024-12-24
757,10,2024-09-17,True,2024-12-16,2024-10-17,2025-05-14
758,10,2025-05-15,False,,2025-05-29,2025-07-12
759,9,2024-04-22,False,2024-10-19,2025-01-01,2025-01-11
760,10,2024-12-20,True,2025-02-11,2025-05-06,2025-05-30
761,9,2024-03-31,False,2024-11-24,2025-04-12,2024-07-27
762,12,2025-05-03,False,2025-06-25,2025-07-02,2025-06-26
763,14,2025-04-01,False,,2025-07-04,2025-04-27
764,8,2024-10-25,False,2024-12-08,2025-01-18,2025-05-21
765,9,2024-03-10,True,2024-06-23,2024-10-19,2024-12-14
766,3,2025-05-21,False,2025-07-04,2025-07-07,2025-07-10
767,14,2024-09-07,False,,2024-11-05,2025-01-15
768,11,2024-03-11,True,2025-03-21,2024-03-17,2025-04-30
769,1,2025-01-11,False,2025-02-02,2025-05-08,2025-04-22
770,8,2025-04-22,True,2025-06-13,2025-05-06,2025-06-10
771,5,2025-04-27,False,,2025-06-13,2025-07-08
772,5,2024-12-03,True,2025-06-30,2025-04-08,2025-07-04
773,8,2024-12-06,True,2025-02-18,2025-07-03,2025-06-03
774,11,2024-04-22,False,2025-05-10,2025-03-27,2024-11-04
775,6,2024-10-09,False,2025-02-07,2025-01-28,2024-11-30
776,9,2024-03-02,True,2024-05-22,2024-06-17,2024-06-10
777,11,2024-11-18,False,2025-03-24,2025-02-23,2024-12-02
778,3,2024-08-30,True,2024-09-18,2024-08-31,2025-05-27
779,9,2025-03-02,False,,2025-05-18,2025-06-06
780,8,2024-08-14,False,2025-01-27,2025-07-05,2024-11-03
781,13,2024-10-16,False,,2025-05-11,2025-01-28
782,8,2024-02-22,False,2025-05-13,2024-06-09,2025-04-26
783,12,2024-08-17,True,2024-11-05,2025-01-28,2025-03-27
784,13,2025-04-03,False,2025-06-05,2025-05-09,2025-06-08
785,15,2025-02-07,True,,2025-06-03,2025-03-26
786,14,2025-02-08,False,,2025-04-27,2025-05-02
787,4,2024-05-09,True,2025-04-20,2025-05-04,2024-07-02
788,9,2024-01-31,True,,2025-01-14,2024-04-24
789,9,2025-04-20,False,2025-05-10,2025-05-04,2025-05-04
790,14,2024-11-24,False,2025-05-28,2025-02-13,2025-01-27
791,13,2024-11-15,True,,2025-06-05,2025-01-15
792,11,2024-01-31,False,2024-12-06,2024-04-01,2024-06-02
793,8,2024-02-22,False,2025-02-03,2024-04-25,2025-01-27
794,6,2024-06-11,True,2025-06-07,2025-06-12,2024-10-10
795,12,2024-07-20,True,2024-11-25,2025-01-08,2025-02-04
796,9,2024-09-04,False,,2024-11-23,2025-06-06
797,14,2024-09-30,True,,2024-10-13,2025-01-14
798,15,2025-03-14,False,2025-05-15,2025-06-04,2025-06-27
799,13,2025-04-18,False,,2025-06-16,2025-06-28
800,10,2024-06-07,True,2024-07-17,2025-06-11,2025-01-06
801,7,2024-05-04,False,2024-09-14,2025-03-01,2024-12-26
802,2,2024-02-02,True,,2024-10-09,2025-05-01
803,10,2024-07-16,True,,2024-12-25,2024-09-29
804,4,2024-03-21,True,,2024-07-07,2025-01-13
805,13,2025-05-16,True,2025-06-25,2025-06-08,2025-07-05
806,7,2025-06-14,False,2025-06-15,2025-06-28,2025-06-29
807,2,2024-09-02,False,,2024-10-05,2025-03-03
808,15,2025-02-21,True,2025-07-12,2025-06-11,2025-04-13
809,3,2024-08-21,False,2024-12-19,2025-05-12,2025-02-13
810,1,2025-01-08,False,2025-05-24,2025-04-18,2025-05-17
811,1,2025-05-05,True,2025-05-31,2025-07-02,2025-07-04
812,1,2024-05-01,False,,2024-07-02,2025-02-16
813,3,2024-01-30,False,,2024-10-03,2024-07-04
814,2,2025-04-11,False,,2025-04-18,2025-05-08
815,12,2024-09-19,False,,2025-01-13,2025-07-03
816,5,2024-01-06,True,2024-11-11,2024-07-01,2024-04-28
817,8,2025-06-17,False,,2025-06-26,2025-07-03
818,6,2024-05-12,False,2024-07-06,2024-05-29,2024-11-19
819,13,2025-01-29,True,2025-03-18,2025-04-29,2025-05-21
820,1,2024-07-19,False,2024-09-23,2025-01-11,2024-11-11
821,10,2025-02-24,False,2025-04-03,2025-04-28,2025-05-28
822,12,2025-07-10,False,,2025-07-11,2025-07-12
823,10,2024-08-20,True,2024-12-28,2025-06-05,2024-11-07
824,3,2025-06-12,True,,2025-06-16,2025-07-05
825,15,2024-05-14,False,2025-02-28,2024-09-08,2024-11-05
826,9,2025-01-02,False,2025-06-30,2025-02-16,2025-01-31
827,12,2025-06-18,True,,2025-07-11,2025-06-25
828,9,2024-11-07,False,,2025-06-04,2025-05-01
829,10,2025-05-26,False,2025-06-02,2025-05-30,2025-06-02
830,5,2025-05-25,True,2025-06-02,2025-05-30,2025-07-04
831,1,2025-06-29,True,2025-06-30,2025-07-10,2025-07-01
832,9,2024-07-26,True,2024-10-05,2025-03-02,2025-05-06
833,10,2024-03-07,True,2024-08-27,2024-10-05,2025-04-01
834,8,2025-05-14,False,2025-05-15,2025-07-12,2025-06-06
835,3,2024-12-30,False,2025-05-10,2025-06-16,2025-07-11
836,3,2024-06-02,False,2024-10-03,2025-06-18,2025-03-31
837,9,2024-07-03,False,2024-12-27,2024-11-18,2025-01-08
838,12,2024-08-20,False,2024-10-19,2025-05-14,2025-04-10
839,12,2024-09-09,True,2025-07-01,2025-02-02,2025-06-23
840,10,2025-03-24,False,2025-04-03,2025-05-05,2025-04-11
841,14,2025-02-28,False,,2025-04-17,2025-06-06
842,5,2025-03-25,False,,2025-04-28,2025-04-23
843,7,2024-07-14,True,2024-12-10,2024-07-20,2024-11-18
844,1,2025-03-08,True,2025-06-07,2025-05-06,2025-03-21
845,3,2024-03-14,False,,2025-06-29,2025-06-13
846,5,2024-12-04,True,2025-05-28,2025-01-06,2025-05-01
847,12,2024-05-30,True,2025-06-20,2024-08-07,2025-02-07
848,13,2025-06-23,False,2025-07-05,2025-07-03,2025-07-08
849,13,2024-10-06,True,,2024-12-01,2025-06-26
850,9,2024-11-05,True,2025-03-10,2024-12-13,2025-02-26
851,1,2024-04-08,True,,2024-12-06,2025-06-11
852,3,2024-03-12,True,2024-12-12,2025-06-08,2024-12-04
853,11,2024-03-26,True,2025-06-10,2024-07-09,2024-12-26
854,6,2024-06-30,False,2024-12-25,2024-11-13,2024-12-13
855,7,2025-04-04,False,2025-05-12,2025-06-30,2025-04-12
856,13,2024-04-04,False,2025-05-22,2024-09-08,2024-04-14
857,15,2024-10-31,True,,2025-06-10,2025-02-05
858,12,2025-03-15,False,2025-07-06,2025-04-02,2025-05-17
859,12,2024-07-22,False,2025-06-01,2024-10-17,2025-05-31
860,15,2024-06-29,False,2025-04-29,2024-09-18,2025-02-12
861,9,2024-07-04,False,2024-08-31,2024-09-12,2024-10-02
862,15,2024-04-25,False,,2025-04-09,2024-08-14
863,5,2024-01-02,False,2024-11-03,2024-07-08,2024-01-13
864,5,2025-07-01,False,2025-07-01,2025-07-09,2025-07-10
865,14,2024-06-22,True,,2025-03-16,2024-07-07
866,15,2024-07-24,False,,2024-12-08,2025-03-28
867,7,2025-02-14,True,2025-05-24,2025-05-13,2025-05-21
868,7,2024-05-11,False,2025-01-04,2025-05-04,2024-11-01
869,2,2024-01-09,True,,2025-04-09,2025-04-16
870,5,2024-04-07,False,2024-06-29,2024-05-08,2024-06-25
871,6,2024-11-05,True,2025-03-27,2025-04-07,2025-06-11
872,10,2024-11-19,False,2025-05-29,2025-04-10,2024-12-09
873,9,2024-09-28,True,2024-10-11,2025-02-04,2025-06-12
874,15,2025-04-11,True,2025-05-20,2025-04-20,2025-05-11
875,5,2025-05-04,True,2025-05-31,2025-06-25,2025-06-14
876,1,2024-11-27,True,2025-05-09,2025-02-08,2024-12-02
877,7,2024-04-04,True,2024-07-10,2024-12-31,2025-05-07
878,15,2024-09-05,True,,2024-10-07,2025-02-19
879,15,2024-12-15,False,2025-04-10,2025-01-13,2025-03-22
880,4,2025-06-23,False,2025-07-03,2025-06-24,2025-06-25
881,5,2025-03-11,False,2025-06-29,2025-07-03,2025-04-12
882,11,2024-12-14,True,2025-01-31,2025-05-05,2025-04-25
883,1,2024-07-29,False,2024-09-12,2025-05-14,2025-05-27
884,11,2024-03-02,True,,2024-09-29,2024-10-04
885,11,2025-04-21,False,,2025-06-20,2025-05-27
886,10,2024-08-29,True,2025-01-23,2025-06-07,2025-02-23
887,12,2024-02-18,False,2025-04-20,2024-03-09,2024-07-27
888,4,2025-01-22,False,2025-06-17,2025-03-29,2025-06-23
889,8,2025-06-15,True,,2025-07-04,2025-06-29
890,10,2024-03-28,False,2025-07-07,2025-06-25,2024-09-07
891,7,2024-07-27,True,2025-05-31,2025-01-22,2025-03-21
892,9,2024-06-19,False,2025-01-25,2024-07-02,2025-06-14
893,7,2024-08-15,False,2024-08-20,2025-05-03,2025-06-26
894,13,2024-10-27,True,,2025-02-14,2025-05-09
895,13,2025-05-14,True,2025-06-13,2025-05-22,2025-07-10
896,13,2024-08-10,False,2025-04-01,2025-07-09,2025-04-07
897,1,2025-01-29,False,2025-06-21,2025-06-25,2025-05-31
898,8,2025-03-29,False,2025-04-09,2025-06-17,2025-07-02
899,9,2025-07-06,False,,2025-07-12,2025-07-12
900,4,2024-10-02,True,,2025-06-02,2025-03-26
901,11,2024-08-21,True,,2024-11-26,2024-08-26
902,13,2025-04-02,False,,2025-06-12,2025-07-07
903,6,2024-02-14,False,,2024-07-01,2025-01-17
904,15,2024-08-19,False,2024-10-21,2024-10-26,2025-03-29
905,15,2025-01-14,True,,2025-05-22,2025-01-18
906,8,2024-01-14,False,2024-02-24,2025-01-10,2025-04-15
907,11,2024-04-08,False,2024-05-21,2025-06-04,2024-06-16
908,15,2024-07-27,True,,2024-10-25,2024-09-06
909,4,2024-04-23,False,2025-04-15,2025-06-08,2025-02-23
910,3,2024-11-29,False,2025-06-22,2025-01-31,2025-07-07
911,3,2025-05-03,False,2025-05-07,2025-07-02,2025-06-28
912,15,2024-02-01,False,2024-02-28,2024-12-14,2024-06-21
913,12,2024-02-06,True,2024-04-02,2024-09-25,2024-09-28
914,15,2025-05-25,False,,2025-06-13,2025-06-10
915,13,2024-05-24,False,2025-06-30,2024-11-04,2025-05-13
916,1,2024-08-16,True,,2024-11-03,2025-01-12
917,2,2024-12-09,True,2025-07-12,2024-12-16,2025-01-15
918,3,2024-04-21,True,2025-03-16,2024-09-05,2025-04-08
919,10,2024-04-21,False,,2025-02-04,2024-10-11
920,3,2024-11-04,True,,2025-01-10,2025-01-01
921,11,2025-04-02,False,,2025-04-30,2025-05-10
922,14,2024-01-22,False,2025-06-04,2024-12-09,2024-07-03
923,9,2024-02-07,False,2024-09-19,2024-09-24,2024-07-02
924,3,2024-12-06,False,,2025-04-23,2025-04-25
925,2,2025-01-18,False,,2025-06-25,2025-02-18
926,1,2025-04-10,True,2025-04-30,2025-05-23,2025-04-17
927,4,2025-04-23,True,,2025-05-08,2025-05-20
928,12,2025-04-28,True,,2025-05-20,2025-06-11
929,12,2025-01-04,True,2025-05-03,2025-03-21,2025-02-28
930,1,2024-08-31,True,2025-07-10,2025-04-04,2024-10-01
931,4,2024-04-17,False,2025-02-21,2024-11-26,2025-03-31
932,6,2024-03-08,False,2024-08-07,2025-02-07,2024-11-18
933,15,2024-12-04,True,2025-05-25,2025-04-18,2024-12-31
934,3,2024-02-07,True,,2024-07-15,2024-07-11
935,1,2024-03-31,True,2024-10-22,2024-10-21,2025-07-05
936,15,2024-10-08,False,,2025-05-04,2025-04-03
937,8,2024-11-13,True,2025-02-02,2025-03-30,2025-06-10
938,6,2024-10-29,False,,2025-03-17,2024-11-29
939,1,2024-11-01,True,2025-06-07,2025-04-09,2025-06-27
940,5,2024-04-30,False,2025-04-22,2025-05-21,2025-01-04
941,12,2025-01-25,True,2025-04-30,2025-01-29,2025-05-16
942,5,2025-01-20,True,2025-04-12,2025-06-08,2025-04-12
943,5,2024-04-10,True,2024-05-20,2025-06-03,2024-06-20
944,14,2025-06-11,True,2025-06-20,2025-06-26,2025-07-12
945,5,2025-06-29,True,2025-07-05,2025-06-30,2025-07-10
946,9,2024-01-16,False,,2024-05-10,2024-08-15
947,11,2024-03-30,False,2025-02-16,2024-10-13,2025-02-05
948,10,2024-03-24,True,,2024-11-05,2024-11-10
949,1,2025-06-22,False,2025-07-09,2025-07-12,2025-07-05
950,8,2025-01-18,True,2025-05-07,2025-04-28,2025-03-11
951,3,2024-09-22,True,2025-06-18,2025-04-07,2024-10-15
952,8,2024-07-13,False,,2025-05-29,2025-06-23
953,10,2025-06-19,True,2025-07-12,2025-06-20,2025-07-11
954,1,2024-07-20,False,,2024-10-07,2025-01-25
955,12,2024-04-07,True,2024-05-27,2024-08-24,2024-10-18
956,8,2024-05-28,True,,2024-10-30,2025-06-01
957,1,2024-03-29,False,,2025-02-11,2025-05-21
958,15,2024-08-16,True,2025-04-11,2025-06-01,2024-11-26
959,3,2024-05-23,False,,2025-01-07,2024-07-24
960,12,2024-01-17,False,2024-12-20,2024-01-31,2024-02-06
961,14,2024-09-03,False,2024-12-01,2025-01-16,2025-03-25
962,9,2024-11-29,True,2025-05-20,2025-04-30,2025-06-02
963,10,2025-06-30,True,,2025-06-30,2025-07-10
964,2,2025-05-24,False,2025-06-29,2025-07-10,2025-06-15
965,13,2024-09-05,True,2024-09-16,2025-05-14,2025-04-16
966,14,2025-05-12,False,2025-06-22,2025-05-16,2025-06-15
967,4,2025-07-04,False,2025-07-09,2025-07-06,2025-07-07
968,1,2025-06-06,True,,2025-06-30,2025-06-08
969,14,2025-02-20,True,2025-06-13,2025-06-30,2025-06-05
970,2,2024-02-06,True,2024-07-14,2024-09-10,2025-02-07
971,5,2024-04-24,True,2025-02-18,2025-06-04,2025-06-25
972,14,2025-01-20,True,2025-07-01,2025-05-09,2025-07-07
973,11,2025-03-31,True,2025-05-01,2025-06-28,2025-04-30
974,12,2025-07-01,False,2025-07-08,2025-07-01,2025-07-01
975,1,2024-12-21,False,,2025-02-16,2025-01-01
976,14,2024-08-26,False,2025-02-22,2025-02-15,2025-02-25
977,1,2025-04-09,False,2025-05-03,2025-07-03,2025-05-13
978,9,2024-05-10,False,2024-11-02,2024-07-04,2024-11-17
979,9,2024-01-22,False,2024-11-22,2024-11-06,2024-03-06
980,8,2024-01-15,False,2025-07-05,2024-04-26,2024-02-10
981,4,2024-10-18,False,2025-02-06,2025-04-09,2024-12-27
982,12,2025-05-09,False,,2025-06-26,2025-06-11
983,1,2025-03-23,False,,2025-06-17,2025-05-10
984,9,2025-06-01,False,2025-06-23,2025-06-17,2025-07-04
985,13,2025-01-23,False,2025-06-07,2025-05-20,2025-03-31
986,9,2024-07-20,False,,2025-01-03,2025-04-13
987,1,2024-08-17,False,2025-05-27,2024-09-18,2025-02-15
988,2,2025-05-01,False,2025-05-25,2025-07-05,2025-06-25
989,15,2024-07-18,True,2024-11-17,2025-06-09,2024-11-05
990,10,2025-04-14,True,2025-05-31,2025-04-14,2025-06-16
991,2,2024-12-10,True,2025-04-03,2025-06-13,2025-01-24
992,13,2024-08-09,True,2025-07-01,2025-01-14,2025-03-27
993,3,2024-03-10,False,,2024-10-08,2024-04-21
994,14,2025-01-16,True,2025-02-19,2025-05-15,2025-01-27
995,6,2025-03-11,True,2025-03-31,2025-06-16,2025-05-30
996,14,2024-08-19,False,2025-05-15,2025-07-04,2024-09-07
997,9,2025-01-12,True,2025-05-27,2025-03-08,2025-04-27
998,2,2024-05-21,False,2025-06-26,2024-08-29,2024-05-23
999,2,2024-11-19,True,2025-03-11,2025-04-13,2025-06-16
1000,4,2024-11-01,True,2025-06-12,2025-03-23,2024-12-05
1001,9,2024-11-16,False,2024-11-28,2025-05-08,2025-04-23
1002,13,2024-04-02,True,2024-06-16,2024-09-19,2024-12-25
1003,6,2025-01-14,False,,2025-05-24,2025-03-08
1004,2,2024-06-02,False,2024-06-08,2025-04-25,2024-11-02
1005,10,2025-02-10,False,2025-03-03,2025-03-03,2025-03-31
1006,1,2024-01-30,False,2025-05-31,2024-06-10,2024-08-04
1007,11,2024-02-20,False,2025-04-26,2024-05-09,2025-03-24
1008,10,2024-09-01,True,2024-11-03,2024-09-08,2025-05-14
1009,14,2025-04-06,False,2025-04-08,2025-05-24,2025-05-30
1010,2,2024-07-28,False,2024-10-03,2024-12-25,2024-10-19
1011,15,2025-01-24,False,,2025-04-13,2025-04-22
1012,13,2025-06-07,False,2025-07-06,2025-07-01,2025-06-16
1013,10,2024-11-04,False,2025-02-20,2025-02-21,2025-04-30
1014,14,2025-01-16,True,2025-01-20,2025-02-22,2025-01-17
1015,7,2025-06-07,False,2025-06-26,2025-06-07,2025-06-18
1016,9,2024-07-18,True,2025-06-07,2024-11-01,2025-01-18
1017,11,2025-02-21,False,2025-04-14,2025-03-30,2025-06-25
1018,6,2025-05-28,True,,2025-05-31,2025-06-21
1019,11,2024-10-08,False,,2024-12-29,2024-12-23
1020,4,2025-01-15,False,2025-06-11,2025-02-21,2025-05-09
1021,3,2024-06-19,False,2025-03-28,2024-09-27,2024-07-20
1022,14,2024-05-29,False,,2024-07-25,2024-10-31
1023,2,2025-04-15,True,2025-07-05,2025-05-07,2025-05-04
1024,12,2024-07-30,False,2025-05-27,2024-12-09,2025-02-15
1025,7,2024-07-20,False,,2024-11-07,2024-08-18
1026,12,2025-01-24,False,,2025-07-09,2025-06-14
1027,2,2024-11-26,True,2024-12-23,2025-05-15,2025-06-14
1028,11,2024-07-04,False,2024-07-12,2025-04-22,2024-12-29
1029,10,2025-01-10,False,,2025-01-27,2025-05-30
1030,8,2024-12-05,True,2025-05-07,2025-04-02,2025-05-03
1031,5,2024-10-12,False,2025-05-31,2025-01-19,2025-03-23
1032,6,2024-06-07,False,2024-08-24,2025-01-12,2024-07-05
1033,8,2024-03-12,True,,2025-06-13,2025-04-09
1034,11,2024-04-28,True,,2025-06-28,2025-05-11
1035,4,2024-12-02,True,2024-12-28,2025-03-27,2025-04-13
1036,12,2025-01-12,True,2025-01-17,2025-06-19,2025-04-02
1037,15,2024-05-09,False,2025-01-16,2024-09-24,2024-06-14
1038,4,2024-02-03,True,2025-01-04,2025-04-24,2024-05-30
1039,12,2025-06-19,False,,2025-07-01,2025-06-26
1040,12,2025-03-07,False,2025-05-02,2025-03-28,2025-05-11
1041,14,2024-11-07,False,2024-12-15,2025-03-04,2024-12-26
1042,5,2024-07-27,True,2025-03-08,2024-10-26,2025-05-05
1043,8,2025-05-27,False,2025-06-16,2025-06-05,2025-05-31
1044,5,2024-08-15,False,2024-12-13,2025-03-14,2025-03-08
1045,8,2024-09-29,False,2025-04-27,2025-01-30,2025-01-01
1046,6,2024-10-19,False,,2025-03-07,2025-05-02
1047,14,2025-02-02,False,2025-05-22,2025-03-23,2025-06-26
1048,5,2024-01-17,True,,2024-05-13,2024-01-25
1049,9,2024-08-06,False,,2025-05-31,2025-02-09
1050,4,2024-09-19,True,,2025-01-09,2025-07-10
1051,10,2025-03-03,False,2025-03-29,2025-03-18,2025-06-11
1052,13,2025-03-08,False,2025-04-21,2025-05-20,2025-03-18
1053,11,2024-03-26,False,2025-04-17,2024-11-23,2024-06-07
1054,2,2025-07-06,True,2025-07-11,2025-07-08,2025-07-11
1055,5,2024-01-07,True,,2024-08-09,2024-09-27
1056,12,2024-09-23,True,2025-03-12,2025-04-19,2024-12-20
1057,4,2024-02-08,True,,2025-06-19,2024-05-05
1058,8,2024-01-31,False,,2024-04-28,2024-08-10
1059,7,2024-02-05,False,,2025-01-19,2024-11-12
1060,8,2025-01-11,True,,2025-06-26,2025-01-23
1061,4,2024-07-25,True,2024-11-26,2025-05-28,2025-02-17
1062,7,2024-09-27,False,2025-01-13,2025-06-21,2025-03-30
1063,6,2025-04-26,False,2025-05-03,2025-06-04,2025-06-26
1064,6,2025-06-26,False,2025-07-07,2025-07-04,2025-07-10
1065,8,2024-12-17,False,2025-04-24,2025-01-08,2025-02-07
1066,8,2024-02-27,False,2025-04-05,2025-04-18,2025-06-24
1067,6,2024-07-02,False,2025-04-05,2025-07-04,2024-07-11
1068,6,2024-12-25,False,2025-06-16,2025-05-14,2025-02-26
1069,9,2024-07-24,False,2024-12-28,2025-04-18,2025-03-02
1070,1,2024-06-30,False,2024-08-27,2024-10-10,2024-10-27
1071,15,2024-06-17,True,2025-01-01,2025-05-12,2024-09-09
1072,2,2024-02-28,False,2024-10-07,2024-05-11,2024-10-01
1073,10,2025-01-04,False,2025-03-24,2025-01-18,2025-05-02
1074,10,2024-12-16,True,2025-01-04,2025-04-27,2025-02-17
1075,7,2024-03-05,False,,2025-03-08,2024-04-17
1076,2,2024-06-26,False,2025-03-08,2025-06-04,2024-10-05
1077,11,2024-02-04,False,2024-12-21,2024-07-12,2025-05-06
1078,1,2024-12-27,True,2025-02-14,2025-01-07,2025-05-05
1079,3,2024-05-19,True,2024-08-10,2024-12-18,2025-07-08
1080,9,2024-02-26,False,,2024-11-22,2025-03-11
1081,2,2025-01-06,True,,2025-07-09,2025-07-06
1082,1,2024-08-02,True,2024-09-30,2024-09-07,2024-11-13
1083,5,2024-12-23,False,2025-05-27,2025-06-03,2025-01-24
1084,13,2024-10-15,False,2025-07-08,2025-01-07,2025-02-14
1085,6,2024-03-07,True,2024-12-31,2024-08-13,2024-06-30
1086,10,2024-01-15,False,2025-02-14,2025-03-19,2025-06-23
1087,2,2024-05-24,False,2025-03-07,2024-08-31,2024-08-19
1088,3,2024-08-20,False,,2025-03-23,2024-09-14
1089,3,2025-06-23,True,2025-07-01,2025-06-26,2025-06-25
1090,3,2024-10-20,False,,2024-12-07,2025-06-01
1091,10,2024-06-14,False,,2025-04-21,2025-01-20
1092,10,2025-01-19,False,2025-04-08,2025-04-05,2025-01-26
1093,13,2024-10-06,False,,2025-06-10,2024-11-11
1094,5,2025-04-01,False,,2025-04-02,2025-06-10
1095,11,2025-02-25,True,,2025-03-03,2025-02-27
1096,2,2024-03-21,True,2025-03-22,2024-11-08,2024-07-18
1097,1,2024-05-27,False,,2024-06-28,2025-05-15
1098,8,2024-05-31,False,,2025-03-10,2025-05-21
1099,2,2024-01-13,False,2024-12-16,2024-02-21,2025-05-16
1100,12,2025-03-06,False,,2025-06-28,2025-06-01
1101,11,2025-07-07,True,,2025-07-07,2025-07-07
1102,9,2024-08-23,True,2025-01-02,2024-09-06,2024-12-28
1103,5,2024-07-08,False,2024-11-22,2025-01-26,2024-12-02
1104,10,2024-06-20,True,,2025-01-13,2025-01-27
1105,14,2025-04-09,False,,2025-06-10,2025-06-17
1106,11,2024-12-26,True,2025-02-01,2025-04-14,2025-03-30
1107,9,2024-05-02,False,2025-06-29,2025-03-26,2025-01-14
1108,11,2025-01-14,False,2025-06-09,2025-06-16,2025-05-31
1109,10,2024-01-15,False,,2025-07-04,2024-10-15
1110,5,2025-02-10,False,2025-04-24,2025-03-10,2025-06-28
1111,10,2024-10-04,False,2025-02-13,2025-06-13,2025-01-13
1112,9,2024-11-07,False,2025-02-02,2025-04-19,2025-03-01
1113,3,2025-02-02,True,,2025-05-26,2025-06-12
1114,14,2024-05-06,True,,2025-01-23,2025-03-14
1115,8,2025-05-25,False,2025-06-13,2025-06-20,2025-06-03
1116,6,2024-10-22,False,2024-12-26,2025-04-17,2025-04-20
1117,5,2024-11-07,False,,2025-04-17,2024-12-04
1118,15,2024-12-27,True,,2025-04-08,2025-03-09
1119,8,2024-03-06,False,2025-05-02,2024-07-30,2025-03-24
1120,7,2024-08-01,True,2025-06-05,2025-02-21,2024-11-01
1121,11,2024-12-27,True,2025-07-11,2025-04-20,2025-03-15
1122,3,2024-07-25,False,2024-12-08,2024-08-28,2025-04-20
1123,2,2025-03-17,False,2025-03-21,2025-04-04,2025-04-11
1124,15,2024-09-24,True,2024-11-22,2025-05-18,2025-05-23
1125,3,2024-04-20,False,,2025-04-17,2025-02-14
1126,13,2025-01-19,False,2025-03-02,2025-02-26,2025-01-26
1127,9,2024-12-29,True,2025-07-09,2025-07-01,2025-02-06
1128,11,2024-08-01,True,2025-04-26,2025-06-25,2025-06-14
1129,1,2024-09-14,False,2024-10-16,2025-04-20,2024-10-18
1130,15,2024-09-09,False,,2025-04-28,2025-06-14
1131,7,2024-12-18,False,2025-05-31,2025-01-29,2025-03-12
1132,6,2025-03-19,True,,2025-06-12,2025-04-09
1133,14,2024-02-12,True,2024-10-15,2024-10-04,2024-05-15
1134,4,2024-07-23,False,,2024-11-15,2024-09-30
1135,7,2025-01-26,True,2025-02-07,2025-05-19,2025-07-02
1136,15,2024-08-15,True,2025-03-03,2025-07-07,2024-09-25
1137,2,2024-11-04,True,2025-02-19,2025-02-25,2024-11-26
1138,11,2025-04-02,True,2025-06-02,2025-06-22,2025-05-14
1139,5,2024-01-03,False,,2025-01-17,2024-07-13
1140,9,2025-01-25,False,2025-05-27,2025-04-27,2025-02-13
1141,13,2025-03-17,True,2025-03-22,2025-03-26,2025-07-06
1142,7,2025-02-09,False,2025-07-03,2025-07-11,2025-07-11
1143,7,2024-07-23,False,2025-02-14,2024-12-10,2025-04-21
1144,7,2024-04-03,False,2025-05-11,2024-04-25,2024-06-01
1145,12,2025-05-18,False,,2025-06-06,2025-06-21
1146,4,2024-11-15,False,2025-05-12,2025-01-24,2024-12-19
1147,8,2024-11-17,True,2025-04-22,2025-04-03,2025-02-13
1148,10,2024-12-01,False,2025-04-27,2025-03-03,2025-04-15
1149,5,2024-03-02,False,,2024-05-06,2025-05-12
1150,15,2024-03-29,False,2025-04-16,2025-07-04,2025-02-19
1151,8,2024-07-25,False,2025-06-24,2024-10-06,2025-01-04
1152,1,2024-08-13,False,,2025-06-27,2024-11-04
1153,4,2024-04-02,False,2024-07-10,2024-08-11,2024-06-09
1154,4,2024-03-06,True,2025-06-07,2024-10-17,2025-03-15
1155,2,2024-04-15,False,,2024-10-07,2024-10-18
1156,4,2024-12-04,False,2025-03-09,2025-02-05,2025-06-24
1157,4,2024-01-22,False,2025-05-22,2024-03-28,2024-04-13
1158,11,2025-02-11,False,2025-04-30,2025-02-15,2025-04-04
1159,9,2024-10-11,False,2025-03-23,2025-02-10,2025-05-02
1160,3,2025-05-01,False,2025-06-01,2025-07-11,2025-06-25
1161,8,2024-10-15,False,2025-06-15,2025-05-25,2024-12-29
1162,11,2024-06-22,False,2024-11-06,2025-05-04,2024-12-06
1163,13,2024-07-18,True,2025-06-23,2025-04-25,2024-11-14
1164,12,2024-05-11,False,2024-09-13,2024-08-07,2024-06-08
1165,2,2024-12-20,True,2025-02-24,2025-04-28,2025-01-21
1166,7,2025-04-29,True,,2025-06-26,2025-05-18
1167,13,2025-03-17,False,2025-07-09,2025-06-08,2025-04-03
1168,2,2025-01-26,True,2025-01-28,2025-03-30,2025-06-01
1169,15,2024-04-21,False,2024-05-06,2024-05-05,2025-02-08
1170,10,2024-11-17,False,2024-11-19,2025-05-02,2024-12-21
1171,1,2025-04-24,True,,2025-05-08,2025-06-03
1172,1,2024-12-13,True,2025-06-20,2025-04-28,2025-06-11
1173,13,2025-01-08,False,2025-04-22,2025-02-25,2025-04-08
1174,3,2025-05-17,False,2025-06-09,2025-06-26,2025-06-15
1175,10,2024-08-27,True,,2025-02-06,2025-03-08
1176,10,2024-05-14,True,2025-02-12,2025-06-17,2025-02-16
1177,10,2024-06-18,True,,2025-03-31,2025-04-27
1178,7,2025-05-25,False,2025-06-16,2025-06-16,2025-06-06
1179,10,2025-06-07,True,2025-07-05,2025-07-01,2025-06-12
1180,2,2025-05-19,False,2025-06-24,2025-05-28,2025-05-25
1181,4,2024-08-06,True,,2024-10-09,2025-06-18
1182,3,2024-01-10,False,2024-07-05,2025-01-11,2024-08-09
1183,1,2025-06-19,True,2025-06-22,2025-06-28,2025-07-08
1184,5,2024-08-14,True,2025-03-29,2025-01-20,2025-03-27
1185,8,2024-11-20,False,2025-04-08,2025-05-24,2025-02-21
1186,9,2025-03-04,False,2025-07-11,2025-03-15,2025-04-02
1187,9,2024-08-02,False,2024-09-25,2025-06-30,2025-05-19
1188,8,2024-12-08,True,2025-07-06,2024-12-10,2024-12-11
1189,4,2024-01-16,False,2024-01-26,2024-10-17,2025-03-21
1190,1,2024-06-05,True,,2024-12-28,2024-06-17
1191,8,2025-03-20,False,2025-04-28,2025-06-12,2025-06-23
1192,11,2025-04-14,False,,2025-06-24,2025-05-28
1193,2,2025-06-21,False,,2025-06-22,2025-06-25
1194,2,2024-01-10,False,,2024-08-02,2024-05-29
1195,1,2024-03-02,True,2024-07-03,2024-11-10,2025-04-22
1196,15,2025-02-12,True,2025-04-21,2025-06-26,2025-05-05
1197,2,2025-04-27,False,2025-06-22,2025-06-22,2025-06-03
1198,9,2024-05-11,False,2025-01-21,2025-04-11,2025-03-11
1199,15,2024-09-26,True,2025-06-17,2025-05-23,2025-01-28
1200,12,2024-09-12,False,2024-10-17,2024-12-05,2024-11-25
