deal_id,buyer_id,entered_buyer_interested,entered_offer_submitted,status
1,642,2024-11-09,2024-11-27,lost
2,1060,2024-10-22,2024-11-23,won
3,1193,2024-06-04,2024-06-26,won
4,1093,2025-04-10,2025-04-11,lost
5,920,2024-05-18,,won
6,56,2024-08-05,2024-08-02,lost
7,450,2024-07-11,2024-07-13,won
8,177,2024-04-13,2024-05-07,won
9,60,2024-03-08,2024-03-22,pending
10,245,2024-07-31,2024-07-25,lost
11,193,2024-10-24,2024-10-27,pending
12,653,2025-02-16,2025-02-28,pending
13,1045,2025-06-15,2025-07-20,won
14,506,2025-06-28,2025-07-23,won
15,1084,2025-02-22,2025-03-16,lost
16,808,2024-04-16,2024-04-08,won
17,592,2025-04-29,2025-05-03,lost
18,763,2025-01-15,2025-02-18,lost
19,48,2024-06-03,2024-06-09,lost
20,831,2024-11-23,2024-12-29,lost
21,742,2025-05-25,2025-05-17,won
22,751,2025-04-02,2025-04-15,lost
23,741,2024-06-17,,won
24,762,2024-10-17,2024-11-12,lost
25,1087,2024-10-28,2024-12-01,won
26,74,2025-06-14,2025-06-24,pending
27,1185,2024-06-14,2024-06-23,lost
28,240,2024-04-28,2024-05-19,pending
29,170,2024-12-24,2025-01-27,lost
30,868,2025-05-28,2025-06-22,lost
31,532,2024-05-19,2024-06-23,pending
32,791,2025-03-16,2025-04-06,won
33,691,2024-10-30,2024-10-28,won
34,774,2024-03-05,2024-03-15,lost
35,653,2025-07-10,2025-08-02,won
36,353,2025-02-14,2025-03-25,won
37,844,2025-07-06,2025-06-28,lost
38,115,2024-04-16,2024-04-07,lost
39,12,2024-12-30,2025-01-13,pending
40,1120,2024-09-02,2024-09-21,lost
41,1148,2024-11-08,2024-12-09,won
42,930,2024-02-03,2024-02-08,lost
43,269,2024-07-28,2024-08-24,won
44,1102,2025-03-09,2025-03-26,pending
45,1113,2024-01-06,2024-02-03,lost
46,627,2024-11-26,2024-12-08,lost
47,780,2024-06-07,2024-07-15,lost
48,1025,2024-10-08,2024-11-11,won
49,664,2025-02-19,2025-03-29,won
50,446,2024-03-03,2024-03-26,pending
51,115,2024-12-24,2025-01-25,won
52,423,2025-03-07,2025-02-28,won
53,382,2024-06-02,2024-06-27,pending
54,316,2025-04-15,,pending
55,491,2024-12-25,2024-12-30,won
56,1108,2024-02-09,,won
57,659,2024-10-04,2024-10-15,won
58,61,2024-04-10,2024-04-25,won
59,105,2024-06-16,2024-07-13,won
60,635,2025-07-09,2025-08-08,lost
61,622,2024-05-04,2024-06-06,won
62,182,2024-12-09,2025-01-08,pending
63,30,2025-04-07,2025-05-09,lost
64,109,2024-05-17,2024-06-17,lost
65,741,2025-01-25,2025-02-08,lost
66,930,2025-05-27,2025-06-29,won
67,46,2024-06-09,2024-06-07,won
68,350,2024-01-29,2024-03-02,won
69,447,2024-03-26,2024-04-02,pending
70,780,2024-01-19,2024-02-20,won
71,749,2024-05-12,2024-06-02,lost
72,869,2025-01-02,,won
73,42,2025-06-15,2025-07-06,won
74,230,2024-11-21,2024-12-15,pending
75,536,2024-03-04,2024-03-21,won
76,299,2024-11-26,2024-12-13,pending
77,348,2025-05-05,2025-06-04,won
78,166,2024-03-07,2024-03-20,pending
79,1185,2024-04-21,2024-05-24,pending
80,900,2024-09-03,2024-08-30,lost
81,285,2025-04-24,2025-05-12,won
82,942,2024-01-05,2024-01-24,won
83,188,2024-10-22,2024-11-08,won
84,1002,2024-09-13,2024-10-20,won
85,942,2024-04-15,,won
86,824,2025-02-10,2025-03-06,pending
87,185,2024-12-17,2024-12-11,lost
88,689,2024-06-04,2024-06-13,lost
89,335,2024-02-13,2024-02-17,pending
90,1059,2025-05-12,2025-06-13,won
91,356,2024-06-13,2024-07-20,won
92,796,2024-12-10,2025-01-16,pending
93,929,2024-07-19,2024-08-09,lost
94,741,2025-02-27,2025-04-05,won
95,476,2024-11-09,2024-11-13,won
96,14,2024-04-08,,lost
97,241,2024-10-01,2024-10-18,won
98,538,2025-07-03,2025-06-28,won
99,883,2025-01-04,2025-01-10,won
100,160,2024-02-13,2024-03-10,lost
101,923,2024-04-11,2024-05-14,pending
102,504,2025-07-11,,pending
103,651,2025-04-10,2025-05-13,lost
104,621,2024-04-26,2024-05-09,won
105,885,2025-04-17,2025-05-21,pending
106,243,2024-11-13,2024-11-21,won
107,1063,2024-04-06,2024-04-07,pending
108,761,2024-03-15,2024-03-17,lost
109,590,2024-04-02,2024-05-07,won
110,190,2024-04-21,2024-04-22,won
111,1155,2024-08-24,2024-08-22,pending
112,1064,2024-06-18,2024-06-14,won
113,1119,2024-05-17,2024-05-29,lost
114,158,2024-11-14,2024-12-06,pending
115,967,2024-04-23,2024-05-06,lost
116,418,2024-06-10,2024-07-19,pending
117,1164,2025-03-11,2025-04-17,won
118,1152,2024-09-04,2024-09-30,lost
119,1092,2025-01-22,2025-02-11,won
120,123,2024-06-30,2024-07-19,won
121,925,2024-07-19,2024-08-09,won
122,840,2024-04-01,2024-04-29,lost
123,1077,2024-10-07,2024-10-19,lost
124,298,2024-05-24,2024-06-28,won
125,355,2025-06-24,2025-06-17,won
126,1174,2024-02-26,2024-04-05,lost
127,518,2025-01-24,2025-02-07,won
128,706,2024-08-11,2024-08-25,lost
129,22,2024-01-09,2024-01-10,pending
130,1123,2025-04-22,2025-04-15,won
131,40,2024-02-07,2024-02-11,won
132,445,2024-09-29,2024-09-23,won
133,1095,2024-07-01,2024-06-28,lost
134,275,2024-10-19,2024-11-08,pending
135,265,2024-11-05,,pending
136,732,2024-10-18,2024-10-14,won
137,901,2024-11-06,2024-11-22,won
138,1139,2024-10-26,2024-11-09,won
139,1026,2024-11-17,,lost
140,849,2024-10-15,2024-11-07,pending
141,140,2025-02-19,2025-03-26,pending
142,950,2024-03-12,2024-04-14,lost
143,506,2024-05-20,2024-06-04,pending
144,287,2024-01-30,2024-02-26,won
145,340,2024-10-16,2024-11-24,won
146,1186,2024-11-05,2024-11-18,won
147,459,2024-12-10,2024-12-30,lost
148,766,2024-06-27,2024-07-09,lost
149,32,2024-08-29,2024-09-11,won
150,1158,2025-05-23,2025-05-24,won
151,414,2024-06-24,,won
152,843,2025-05-22,2025-06-13,won
153,312,2024-08-29,2024-09-12,won
154,1176,2024-03-23,2024-03-31,won
155,485,2025-06-18,2025-07-10,won
156,362,2024-09-11,2024-09-07,lost
157,666,2024-06-18,2024-07-12,lost
158,975,2025-07-06,,pending
159,522,2025-06-07,2025-07-15,won
160,751,2025-07-06,2025-07-12,won
161,653,2024-07-12,2024-07-24,won
162,96,2024-10-24,2024-11-16,won
163,360,2024-08-18,2024-08-30,won
164,934,2024-12-06,2024-12-30,lost
165,659,2024-03-03,2024-03-23,won
166,67,2024-12-29,2024-12-24,lost
167,244,2024-11-23,2024-12-01,lost
168,1183,2024-07-18,2024-08-06,won
169,1041,2024-02-24,2024-02-27,won
170,990,2025-01-25,2025-02-22,won
171,659,2024-08-15,2024-08-31,won
172,1158,2025-06-15,2025-07-19,lost
173,898,2024-09-06,2024-10-07,lost
174,199,2025-01-05,2025-01-31,won
175,965,2025-02-18,2025-02-27,lost
176,740,2024-05-03,2024-05-01,pending
177,251,2024-08-14,2024-08-08,won
178,546,2024-11-30,2024-12-01,lost
179,555,2024-08-13,2024-09-12,pending
180,846,2024-11-13,2024-11-18,won
181,845,2025-05-26,2025-06-29,lost
182,1145,2025-04-19,2025-04-20,pending
183,239,2024-05-20,2024-05-16,won
184,253,2024-08-07,2024-08-10,won
185,1039,2024-10-21,2024-10-22,won
186,22,2025-06-10,2025-06-18,pending
187,427,2025-06-10,2025-06-23,pending
188,396,2025-04-14,2025-04-21,won
189,1174,2025-04-25,2025-05-06,won
190,1000,2025-06-23,2025-06-15,won
191,602,2025-07-09,,pending
192,903,2024-12-07,,pending
193,348,2024-05-31,2024-07-01,pending
194,738,2024-12-01,2024-11-24,won
195,297,2024-09-18,2024-10-22,won
196,425,2024-06-02,2024-06-19,lost
197,1093,2024-09-25,2024-10-13,lost
198,99,2024-01-04,2024-01-25,lost
199,1026,2025-06-02,2025-06-05,won
200,324,2024-10-02,2024-10-13,lost
201,480,2025-06-23,2025-07-12,pending
202,1141,2024-08-17,2024-09-21,won
203,827,2024-05-30,2024-07-01,won
204,98,2025-05-31,2025-06-14,lost
205,1016,2025-06-02,,lost
206,600,2024-05-26,2024-05-20,lost
207,405,2025-05-12,2025-05-28,won
208,57,2024-07-21,2024-08-29,won
209,171,2025-05-25,2025-07-03,pending
210,493,2024-12-19,2024-12-10,lost
211,91,2025-07-02,2025-07-20,won
212,447,2024-07-09,2024-07-05,lost
213,487,2024-11-13,,won
214,461,2024-09-25,2024-10-07,lost
215,74,2025-05-24,2025-06-17,pending
216,623,2024-11-06,2024-12-15,won
217,590,2024-01-03,2024-02-03,won
218,1153,2024-03-28,2024-05-06,won
219,796,2025-01-24,2025-01-29,won
220,146,2025-02-17,2025-02-27,pending
221,247,2024-06-06,2024-06-17,won
222,653,2024-01-02,2024-01-25,won
223,1056,2025-02-09,2025-03-02,won
224,1024,2024-08-29,2024-09-15,won
225,1135,2025-06-06,2025-06-14,won
226,716,2024-05-09,2024-05-15,pending
227,795,2025-02-28,2025-02-26,lost
228,407,2024-12-10,2024-12-19,pending
229,937,2024-06-08,2024-07-07,won
230,389,2024-07-23,2024-08-27,won
231,1101,2024-11-19,2024-12-27,pending
232,614,2024-12-29,2024-12-30,won
233,874,2025-04-05,2025-04-02,won
234,893,2025-02-16,2025-03-12,won
235,160,2025-05-31,2025-05-22,won
236,870,2025-04-26,2025-05-24,won
237,935,2025-05-05,2025-05-29,lost
238,256,2025-04-15,2025-05-23,won
239,1107,2024-08-11,2024-08-16,lost
240,1064,2024-06-04,2024-06-24,won
241,662,2024-01-17,2024-01-18,lost
242,812,2024-03-22,2024-04-06,won
243,1049,2024-08-26,2024-09-09,lost
244,756,2024-02-28,,pending
245,750,2025-03-26,2025-04-30,won
246,744,2024-01-25,2024-02-22,lost
247,1131,2024-02-15,2024-03-09,won
248,461,2024-11-19,2024-12-06,lost
249,1122,2024-08-20,2024-09-05,pending
250,1056,2024-10-13,2024-11-08,won
251,151,2025-03-08,,pending
252,188,2025-05-01,2025-05-19,lost
253,932,2025-07-06,,won
254,964,2025-04-01,2025-04-13,lost
255,55,2025-04-05,2025-03-27,lost
256,1155,2024-09-13,2024-09-07,won
257,325,2024-06-27,2024-06-26,won
258,20,2024-03-18,2024-04-13,won
259,68,2024-11-02,2024-11-03,pending
260,941,2024-11-05,,lost
261,824,2024-05-13,2024-06-17,won
262,396,2024-07-24,2024-08-16,lost
263,304,2024-12-23,2024-12-27,lost
264,990,2024-09-12,2024-09-22,lost
265,487,2024-04-09,2024-05-02,won
266,449,2024-04-11,2024-05-12,won
267,902,2024-12-12,2024-12-26,pending
268,292,2025-06-23,2025-07-27,won
269,506,2025-06-29,2025-07-01,lost
270,277,2024-10-29,,lost
271,433,2024-11-20,2024-12-06,lost
272,331,2025-03-12,2025-03-28,lost
273,903,2025-07-09,2025-07-14,lost
274,213,2024-05-18,2024-06-05,won
275,476,2024-10-06,,won
276,252,2024-07-13,2024-08-17,won
277,1172,2024-06-10,2024-07-12,won
278,551,2024-07-31,2024-08-26,lost
279,67,2024-12-25,2025-01-29,pending
280,1064,2025-03-20,2025-04-13,pending
281,605,2025-06-27,2025-07-04,lost
282,381,2024-10-24,2024-10-28,lost
283,96,2024-06-12,2024-06-09,pending
284,1083,2025-01-07,2025-01-27,pending
285,864,2025-03-20,2025-03-25,won
286,1148,2025-05-01,2025-05-16,won
287,816,2025-01-04,2025-01-28,won
288,1184,2025-07-10,2025-07-02,lost
289,1094,2024-06-07,2024-05-29,won
290,180,2024-04-10,2024-04-05,pending
291,511,2025-02-16,2025-02-21,won
292,906,2024-07-05,2024-07-28,won
293,121,2024-12-23,2025-01-18,lost
294,1023,2025-02-10,2025-03-05,lost
295,1189,2024-01-12,2024-01-31,won
296,749,2024-03-30,2024-03-31,won
297,773,2024-09-13,2024-10-11,lost
298,294,2025-01-18,,lost
299,558,2024-02-26,2024-04-02,lost
300,471,2024-09-17,,lost
301,634,2025-05-23,2025-06-20,lost
302,25,2024-01-04,2024-02-08,won
303,476,2025-03-18,2025-04-08,pending
304,546,2025-06-12,2025-07-01,pending
305,1181,2025-02-18,2025-03-15,won
306,1146,2024-08-01,2024-08-15,lost
307,1121,2025-05-07,2025-05-31,lost
308,158,2024-01-10,2024-02-18,pending
309,69,2025-03-28,2025-04-23,won
310,294,2024-09-04,2024-09-30,won
311,555,2024-11-17,2024-11-18,lost
312,1110,2024-07-22,2024-08-17,won
313,9,2024-05-08,2024-06-14,lost
314,228,2024-04-15,2024-04-20,won
315,338,2025-04-01,2025-05-03,pending
316,280,2024-02-06,2024-03-07,lost
317,950,2024-11-04,2024-11-30,won
318,736,2024-01-29,2024-03-03,won
319,885,2024-02-07,,lost
320,574,2024-09-22,2024-10-17,won
321,576,2025-02-01,2025-03-04,won
322,1070,2024-07-31,2024-07-28,won
323,846,2025-03-07,2025-03-28,won
324,395,2024-08-14,2024-09-11,won
325,532,2024-05-03,2024-05-12,won
326,593,2024-12-17,2024-12-14,won
327,835,2024-02-14,2024-02-24,lost
328,93,2025-07-03,2025-06-29,lost
329,1158,2024-11-20,2024-12-25,won
330,622,2024-06-27,2024-08-02,won
331,61,2024-05-26,2024-06-08,won
332,121,2024-04-01,2024-04-16,won
333,783,2025-01-11,,lost
334,315,2024-05-13,2024-05-31,lost
335,643,2024-07-30,2024-09-06,won
336,336,2024-08-01,2024-08-14,won
337,688,2025-07-02,2025-06-24,won
338,558,2024-10-10,2024-11-02,lost
339,602,2024-03-05,2024-02-29,won
340,511,2025-03-10,2025-03-23,won
341,411,2024-07-06,2024-07-05,lost
342,281,2025-03-20,2025-03-17,won
343,956,2024-05-14,2024-05-17,won
344,48,2025-06-29,2025-07-04,lost
345,610,2024-10-01,2024-11-04,won
346,692,2025-05-21,2025-06-20,won
347,541,2025-03-28,2025-03-24,lost
348,733,2024-03-04,2024-03-20,won
349,1116,2025-06-10,2025-07-12,lost
350,201,2024-03-29,2024-04-30,lost
351,988,2024-04-07,2024-04-30,lost
352,160,2024-04-16,,lost
353,341,2024-04-26,2024-06-02,lost
354,403,2025-02-27,2025-02-28,lost
355,754,2024-03-08,2024-03-29,won
356,149,2024-01-26,2024-02-05,lost
357,912,2025-02-02,2025-03-13,pending
358,752,2025-05-17,2025-06-10,won
359,868,2024-10-21,2024-11-19,lost
360,1118,2024-05-09,,won
361,388,2024-10-01,2024-10-12,won
362,608,2025-08-12,2025-08-08,won
363,1145,2024-06-28,2024-07-15,won
364,711,2025-04-22,2025-05-05,pending
365,509,2025-05-10,2025-05-02,won
366,923,2025-04-19,2025-04-22,lost
367,748,2024-05-05,2024-05-15,won
368,930,2024-09-21,2024-10-12,won
369,459,2024-02-11,2024-03-09,lost
370,902,2024-10-25,2024-10-23,won
371,1076,2025-04-30,2025-05-01,pending
372,1119,2024-12-04,2025-01-03,won
373,174,2024-05-26,2024-06-28,lost
374,76,2024-08-26,,pending
375,35,2024-05-19,2024-05-21,pending
376,621,2024-03-27,2024-03-31,won
377,1020,2024-04-23,2024-05-18,lost
378,894,2025-01-20,2025-01-21,won
379,926,2025-06-13,2025-06-11,won
380,630,2025-03-26,2025-03-18,won
381,319,2024-01-10,2024-02-10,lost
382,728,2024-07-23,2024-07-15,lost
383,60,2024-10-19,2024-10-30,won
384,774,2025-06-13,2025-07-05,pending
385,1030,2024-03-16,2024-04-05,won
386,1004,2024-07-01,2024-07-04,won
387,229,2025-03-16,2025-04-11,pending
388,893,2024-12-10,,won
389,430,2025-04-12,2025-05-16,pending
390,1173,2024-03-03,2024-04-10,lost
391,1068,2024-05-05,2024-05-13,won
392,608,2024-05-09,2024-05-30,lost
393,253,2024-12-29,2024-12-22,pending
394,609,2024-10-16,2024-11-17,lost
395,206,2024-07-15,2024-08-21,lost
396,36,2024-08-31,2024-10-09,won
397,399,2025-04-02,2025-04-15,lost
398,472,2024-02-05,2024-02-20,lost
399,1024,2025-03-29,2025-04-04,won
400,512,2024-11-03,2024-11-09,pending
401,1098,2024-01-16,2024-01-27,won
402,1020,2024-08-21,2024-09-26,won
403,1129,2024-05-29,2024-05-21,won
404,745,2024-04-13,2024-04-20,won
405,748,2024-01-09,2024-02-05,lost
406,56,2024-08-09,2024-08-18,won
407,541,2025-03-07,2025-03-16,won
408,557,2024-08-17,2024-09-24,lost
409,179,2024-08-13,2024-09-16,lost
410,191,2024-04-06,2024-05-08,lost
411,910,2025-01-17,2025-02-22,won
412,471,2024-11-28,,won
413,88,2024-02-26,2024-03-11,pending
414,1122,2024-03-13,2024-03-10,won
415,636,2024-10-01,2024-11-06,won
416,1187,2024-05-07,2024-05-15,lost
417,1001,2025-04-16,2025-04-20,pending
418,210,2025-06-14,2025-07-21,won
419,514,2024-09-15,2024-09-12,lost
420,195,2024-09-16,2024-10-20,pending
421,633,2025-05-30,2025-06-10,won
422,684,2024-09-10,2024-09-25,pending
423,744,2024-02-16,2024-02-11,lost
424,891,2024-10-19,2024-10-26,won
425,1012,2024-07-29,2024-07-31,lost
426,1182,2025-04-19,2025-05-26,pending
427,372,2024-06-25,2024-07-20,lost
428,191,2025-03-01,2025-03-08,won
429,564,2024-04-27,2024-06-04,lost
430,160,2025-06-22,2025-06-23,pending
431,815,2025-06-07,2025-06-12,lost
432,892,2024-01-15,2024-02-17,lost
433,865,2024-08-21,2024-08-13,lost
434,1069,2024-11-06,2024-12-08,pending
435,1029,2024-11-21,2024-12-01,pending
436,515,2025-02-01,2025-02-16,won
437,143,2025-07-09,2025-08-16,won
438,568,2024-07-26,2024-07-22,lost
439,211,2024-05-15,2024-06-08,lost
440,347,2025-02-11,2025-03-08,pending
441,661,2024-11-11,2024-11-26,lost
442,831,2024-02-12,2024-03-19,pending
443,328,2024-06-13,2024-07-16,won
444,1166,2024-07-06,2024-07-28,won
445,498,2025-05-18,2025-05-28,won
446,1190,2024-07-20,2024-08-22,lost
447,695,2024-05-07,2024-06-11,won
448,735,2025-03-16,2025-04-04,lost
449,104,2024-03-13,2024-03-21,won
450,207,2024-12-03,2024-12-30,won
451,84,2024-02-02,2024-01-25,won
452,86,2025-03-15,2025-04-15,pending
453,1037,2024-01-23,2024-01-31,won
454,329,2024-06-05,2024-06-27,lost
455,166,2024-04-12,2024-04-14,lost
456,953,2024-06-28,2024-06-19,won
457,678,2025-05-03,2025-05-10,won
458,410,2024-08-21,2024-09-09,lost
459,394,2024-03-04,2024-02-28,won
460,1166,2024-07-16,2024-08-21,won
461,508,2024-05-22,2024-06-03,lost
462,990,2025-03-26,2025-04-16,won
463,313,2024-11-30,2024-12-31,won
464,1162,2024-04-25,2024-05-11,lost
465,61,2024-01-03,2024-01-31,won
466,985,2025-05-14,2025-05-25,lost
467,541,2024-01-28,2024-02-16,won
468,921,2025-01-25,2025-02-12,lost
469,878,2024-11-03,2024-11-09,won
470,405,2024-12-12,2024-12-27,lost
471,221,2024-02-27,2024-03-21,lost
472,497,2024-06-03,2024-05-31,won
473,786,2025-04-01,2025-04-24,lost
474,596,2024-06-30,2024-08-07,lost
475,1136,2024-09-22,2024-10-08,won
476,271,2024-12-03,2024-12-23,pending
477,693,2024-04-12,2024-05-10,lost
478,980,2025-01-24,2025-01-20,lost
479,585,2025-05-07,2025-04-28,won
480,956,2024-03-11,2024-03-29,won
481,703,2024-10-14,2024-11-01,lost
482,745,2025-01-24,2025-02-09,lost
483,842,2024-05-04,2024-05-23,pending
484,699,2024-06-29,,won
485,242,2025-03-20,2025-04-19,pending
486,229,2025-01-11,2025-02-09,pending
487,170,2024-06-10,2024-06-14,lost
488,460,2025-07-14,2025-07-10,won
489,975,2024-03-19,2024-03-30,won
490,322,2024-12-04,,lost
491,118,2025-04-19,2025-05-16,won
492,90,2024-06-05,2024-06-14,won
493,456,2024-05-14,,lost
494,1193,2024-04-14,2024-04-30,lost
495,72,2025-01-04,2025-01-16,lost
496,815,2024-07-11,2024-07-18,won
497,150,2024-05-13,2024-05-30,lost
498,511,2025-06-17,2025-06-23,won
499,1200,2024-07-18,,pending
500,928,2024-05-10,2024-05-24,won
501,303,2025-05-21,2025-05-22,won
502,264,2025-02-04,2025-02-07,pending
503,1188,2025-06-06,2025-06-16,pending
504,578,2025-02-16,2025-02-13,pending
505,1023,2025-02-25,2025-03-16,pending
506,699,2024-03-01,2024-03-22,won
507,776,2024-07-01,2024-07-12,pending
508,746,2024-07-05,2024-07-18,pending
509,927,2025-02-11,2025-03-13,lost
510,292,2024-07-03,2024-06-27,won
511,916,2025-06-17,2025-07-17,lost
512,610,2025-07-01,2025-07-08,won
513,889,2024-12-14,2024-12-06,pending
514,160,2024-11-03,2024-11-11,lost
515,111,2025-02-11,2025-02-25,pending
516,1061,2025-03-12,2025-03-28,lost
517,970,2024-02-26,2024-03-21,won
518,550,2024-07-06,2024-07-28,lost
519,1010,2024-07-13,2024-07-17,lost
520,730,2024-09-08,,won
521,307,2025-03-14,2025-04-13,won
522,956,2024-09-16,2024-10-04,lost
523,184,2025-01-20,2025-01-27,lost
524,1063,2024-05-26,2024-06-11,won
525,957,2024-03-16,2024-04-23,won
526,1136,2025-05-02,2025-05-16,pending
527,2,2024-01-23,2024-02-29,pending
528,323,2024-01-30,2024-02-01,won
529,239,2024-12-05,2024-12-19,won
530,1096,2024-02-18,2024-03-14,won
531,578,2024-09-01,2024-09-10,pending
532,1190,2024-05-27,2024-06-05,lost
533,700,2024-02-08,2024-03-15,won
534,1070,2025-05-29,2025-06-26,won
535,252,2024-08-15,2024-09-21,won
536,472,2024-05-23,2024-06-10,won
537,1,2024-08-23,2024-08-22,won
538,134,2025-06-05,2025-06-22,lost
539,851,2024-07-16,2024-08-04,won
540,131,2024-01-08,2024-02-08,won
541,60,2025-03-24,2025-03-31,lost
542,1137,2025-02-15,2025-03-12,pending
543,846,2024-08-17,2024-09-23,won
544,152,2024-06-01,2024-06-12,won
545,657,2024-10-10,2024-10-25,lost
546,122,2024-05-09,2024-05-03,pending
547,90,2024-05-03,2024-05-09,pending
548,428,2024-10-26,2024-10-21,won
549,290,2024-10-29,2024-11-09,pending
550,556,2024-04-20,2024-05-28,lost
551,592,2025-06-25,2025-06-30,won
552,11,2024-08-24,2024-09-06,pending
553,1034,2025-02-16,2025-03-05,won
554,600,2024-07-21,2024-07-29,won
555,269,2024-06-02,2024-07-09,won
556,778,2025-01-26,2025-01-25,pending
557,187,2024-02-13,2024-03-10,won
558,355,2024-02-25,2024-02-20,won
559,914,2024-10-02,2024-11-04,won
560,907,2024-07-05,2024-07-03,lost
561,205,2024-04-19,2024-05-15,won
562,536,2025-04-25,2025-04-22,lost
563,93,2024-03-29,2024-03-23,lost
564,167,2024-10-21,2024-11-10,lost
565,298,2024-01-15,2024-01-22,won
566,349,2024-10-05,2024-11-07,won
567,662,2024-09-03,2024-09-12,pending
568,60,2024-10-18,2024-10-19,pending
569,1107,2024-07-09,2024-07-27,won
570,990,2025-03-28,2025-03-24,won
571,610,2024-04-29,2024-05-15,won
572,396,2024-02-27,2024-03-15,pending
573,156,2024-02-15,2024-02-09,lost
574,12,2024-01-23,2024-02-04,won
575,35,2024-05-16,2024-05-30,pending
576,885,2024-06-13,,won
577,62,2024-06-21,2024-06-23,pending
578,554,2024-10-24,2024-10-16,lost
579,653,2025-04-27,2025-05-28,won
580,227,2024-07-17,2024-07-19,pending
581,327,2024-02-24,2024-03-30,lost
582,951,2025-05-15,2025-06-03,lost
583,861,2024-01-01,2024-01-09,lost
584,439,2024-12-03,2025-01-07,lost
585,711,2024-03-29,2024-04-22,won
586,544,2025-05-25,,won
587,240,2024-12-10,2024-12-06,lost
588,217,2024-03-03,2024-03-25,won
589,340,2025-06-21,2025-07-01,won
590,692,2024-10-14,2024-11-11,won
591,1002,2025-01-21,2025-01-30,won
592,1180,2024-11-25,2024-12-02,lost
593,991,2025-04-06,2025-04-03,won
594,248,2024-10-18,2024-10-30,won
595,860,2025-03-10,2025-04-11,won
596,1058,2025-05-15,2025-06-17,won
597,608,2024-08-18,2024-08-09,pending
598,648,2024-09-20,2024-09-14,won
599,550,2025-07-07,2025-08-12,won
600,936,2024-09-24,2024-10-06,lost
601,463,2024-03-31,,lost
602,683,2024-07-31,,won
603,179,2025-02-16,2025-03-14,won
604,453,2024-07-08,2024-07-25,won
605,527,2024-02-20,2024-02-27,won
606,50,2024-01-26,2024-03-01,won
607,844,2024-06-19,2024-07-18,won
608,1038,2024-07-26,2024-08-06,lost
609,275,2024-09-10,2024-10-12,won
610,319,2025-04-27,2025-05-16,pending
611,867,2024-04-08,2024-04-02,pending
612,327,2024-07-29,2024-08-24,lost
613,1076,2024-08-26,2024-09-12,won
614,878,2025-04-27,2025-05-08,won
615,372,2025-04-30,2025-05-04,won
616,136,2024-07-07,,lost
617,257,2024-06-14,2024-07-03,lost
618,422,2024-12-09,2025-01-11,won
619,118,2025-05-31,2025-06-17,lost
620,186,2024-12-11,2025-01-11,lost
621,198,2025-02-09,2025-03-08,won
622,876,2024-01-14,2024-02-07,lost
623,474,2025-04-12,2025-05-08,lost
624,1118,2024-07-22,2024-08-23,won
625,928,2024-03-01,2024-03-29,lost
626,165,2024-11-07,2024-10-29,lost
627,1000,2024-04-04,2024-05-10,lost
628,266,2024-01-14,2024-01-27,pending
629,371,2024-08-07,2024-09-09,won
630,894,2025-01-18,2025-02-01,lost
631,291,2025-06-30,2025-07-26,lost
632,458,2024-12-12,2024-12-11,pending
633,1110,2024-11-26,2024-11-28,won
634,534,2024-09-06,2024-10-08,lost
635,80,2025-01-30,2025-03-07,won
636,544,2024-07-21,2024-07-15,won
637,867,2025-04-14,2025-04-27,lost
638,861,2025-06-22,2025-06-24,pending
639,230,2025-02-19,2025-03-26,pending
640,470,2024-03-23,2024-04-01,won
641,321,2024-08-10,2024-08-11,pending
642,1199,2024-11-29,2024-11-28,lost
643,552,2024-06-10,2024-06-19,won
644,400,2024-03-02,2024-02-23,lost
645,673,2025-04-04,2025-04-26,won
646,1070,2024-08-05,2024-08-09,pending
647,1001,2024-12-18,2024-12-19,won
648,206,2025-01-15,2025-01-16,won
649,573,2024-09-19,,lost
650,870,2025-04-07,2025-04-10,won
651,949,2024-03-07,2024-03-08,lost
652,1152,2025-06-25,2025-07-03,pending
653,805,2024-02-24,2024-02-21,won
654,771,2024-02-06,2024-03-01,pending
655,227,2025-04-11,2025-04-10,pending
656,415,2024-03-05,2024-03-13,lost
657,205,2025-05-07,2025-05-27,pending
658,890,2024-04-10,2024-04-22,won
659,1091,2024-11-14,2024-12-13,pending
660,627,2024-05-29,,won
661,186,2024-11-24,2024-12-14,pending
662,281,2025-05-29,2025-06-17,lost
663,119,2025-05-25,2025-06-23,pending
664,415,2025-03-31,2025-04-30,pending
665,494,2025-03-25,2025-04-24,won
666,1016,2024-01-14,2024-02-12,won
667,724,2024-01-16,2024-02-13,won
668,868,2024-04-04,2024-04-08,won
669,640,2024-09-05,2024-09-10,lost
670,593,2024-06-18,2024-07-08,won
671,327,2024-06-24,2024-06-15,lost
672,632,2025-06-02,,won
673,442,2025-05-12,2025-05-28,won
674,1006,2024-03-24,2024-04-15,won
675,478,2024-02-17,2024-02-15,won
676,1011,2024-11-29,2024-12-14,lost
677,490,2024-08-10,2024-08-17,lost
678,430,2024-05-22,2024-06-23,won
679,860,2024-04-14,2024-05-20,won
680,162,2025-06-20,2025-07-29,lost
681,385,2024-08-10,2024-09-04,won
682,1085,2024-05-17,2024-05-25,won
683,976,2025-07-02,2025-07-15,lost
684,1150,2024-11-18,2024-12-05,won
685,487,2024-03-22,2024-03-31,won
686,734,2024-08-28,2024-09-16,lost
687,1130,2024-05-23,2024-05-31,lost
688,647,2024-11-21,2024-11-29,lost
689,964,2024-10-26,2024-11-23,lost
690,707,2025-05-05,2025-05-27,pending
691,1062,2024-03-15,2024-03-19,won
692,500,2024-03-01,2024-03-16,won
693,589,2024-08-29,2024-08-21,pending
694,796,2025-02-12,2025-02-20,lost
695,1060,2024-08-24,2024-09-22,pending
696,528,2024-07-13,2024-08-20,lost
697,299,2024-05-02,2024-05-03,lost
698,304,2024-07-31,2024-08-29,won
699,630,2024-04-06,2024-04-13,pending
700,1103,2024-01-28,2024-02-27,won
701,877,2025-04-14,2025-05-07,pending
702,986,2024-02-24,2024-03-07,lost
703,118,2024-07-13,2024-08-01,won
704,365,2025-02-08,2025-02-02,lost
705,126,2024-10-30,2024-11-16,won
706,471,2024-05-17,2024-05-11,won
707,1021,2024-08-13,2024-08-21,won
708,289,2025-04-09,2025-05-16,won
709,193,2025-01-11,2025-01-26,won
710,970,2024-06-17,,lost
711,696,2025-01-24,2025-02-27,won
712,998,2024-08-26,2024-08-28,won
713,346,2024-12-13,2025-01-19,won
714,74,2024-07-14,,won
715,1054,2025-02-20,2025-02-19,lost
716,187,2024-07-15,2024-07-20,lost
717,1190,2025-05-07,2025-06-12,won
718,862,2024-05-23,2024-06-27,won
719,1051,2024-12-22,2025-01-08,won
720,1160,2024-08-07,2024-09-10,won
721,953,2024-04-25,2024-05-16,won
722,297,2024-05-27,2024-06-30,lost
723,217,2024-09-12,2024-10-08,won
724,880,2025-01-31,2025-02-02,lost
725,1119,2024-04-10,2024-05-12,lost
726,519,2025-01-25,2025-01-28,won
727,1131,2024-06-27,2024-08-02,won
728,824,2025-04-21,2025-05-29,pending
729,974,2024-10-02,2024-11-02,won
730,52,2025-05-15,2025-05-07,won
731,1085,2025-02-04,2025-03-13,pending
732,426,2024-02-24,2024-02-25,won
733,527,2024-06-25,2024-07-20,pending
734,842,2025-03-07,2025-03-17,won
735,345,2024-12-03,2024-12-30,won
736,721,2024-04-22,2024-05-01,won
737,1033,2025-03-20,2025-03-27,won
738,880,2024-01-01,2024-01-08,won
739,429,2024-09-19,2024-09-22,lost
740,628,2024-11-06,2024-12-02,lost
741,835,2025-03-27,2025-05-05,won
742,594,2024-03-04,2024-03-24,won
743,68,2024-01-23,2024-01-19,pending
744,1116,2024-11-23,2024-12-22,pending
745,1157,2024-03-09,2024-03-23,won
746,715,2024-11-26,2024-12-31,lost
747,872,2024-12-26,2024-12-22,lost
748,136,2024-03-23,2024-04-14,won
749,121,2024-03-05,2024-03-22,lost
750,677,2024-01-04,2024-02-10,won
751,572,2024-05-31,2024-06-09,won
752,1054,2024-03-09,2024-04-17,lost
753,1129,2024-07-06,2024-08-14,lost
754,278,2024-08-20,2024-09-10,lost
755,451,2024-07-06,2024-07-03,won
756,369,2024-03-29,2024-04-17,won
757,187,2024-04-23,2024-05-14,won
758,140,2024-08-09,2024-08-08,lost
759,156,2025-07-03,2025-07-17,won
760,211,2024-08-29,2024-09-05,lost
761,1109,2024-05-14,,won
762,1152,2025-03-07,2025-03-16,pending
763,796,2025-06-09,2025-06-26,won
764,1097,2025-05-12,2025-05-15,won
765,806,2024-07-10,2024-07-05,pending
766,544,2024-03-10,2024-04-14,won
767,553,2025-05-06,2025-04-30,won
768,438,2024-03-27,,won
769,1086,2024-09-08,2024-10-04,lost
770,83,2024-01-20,2024-01-25,won
771,803,2024-06-18,2024-07-04,won
772,1093,2024-08-19,2024-08-27,pending
773,824,2024-11-10,2024-12-04,won
774,375,2024-09-17,2024-10-13,won
775,557,2025-01-26,2025-02-06,lost
776,823,2024-02-03,2024-03-03,won
777,436,2024-12-10,2025-01-03,pending
778,176,2025-05-18,2025-06-08,won
779,945,2024-07-13,2024-07-18,won
780,695,2025-01-07,2025-01-21,lost
781,591,2025-02-25,2025-03-13,won
782,1125,2025-04-23,2025-05-06,lost
783,704,2024-09-28,2024-10-20,lost
784,385,2024-07-28,2024-07-25,won
785,662,2024-09-27,2024-11-03,lost
786,347,2024-04-11,2024-04-16,lost
787,787,2024-02-03,2024-02-19,pending
788,166,2025-06-30,2025-08-01,lost
789,236,2024-09-09,2024-09-18,lost
790,484,2025-06-24,2025-07-21,won
791,358,2025-03-05,2025-03-28,won
792,139,2025-06-06,2025-07-02,won
793,553,2024-07-27,2024-07-24,won
794,683,2024-06-11,2024-06-24,lost
795,972,2025-05-02,2025-05-11,lost
796,846,2025-02-10,2025-03-14,won
797,380,2025-04-14,2025-04-15,pending
798,848,2024-11-25,2024-12-22,pending
799,329,2025-07-11,2025-08-07,won
800,1120,2025-01-04,2025-02-10,won
801,1094,2024-05-07,2024-05-21,won
802,65,2025-04-13,2025-05-20,lost
803,1184,2024-09-26,2024-10-14,pending
804,252,2025-03-08,2025-04-04,won
805,197,2024-05-17,,pending
806,376,2025-02-06,2025-02-22,won
807,801,2025-02-18,2025-02-24,won
808,844,2024-08-26,2024-09-27,won
809,882,2024-01-16,2024-02-19,pending
810,927,2024-01-13,2024-01-27,won
811,809,2025-04-15,2025-05-10,lost
812,493,2025-04-05,2025-04-17,won
813,1077,2024-09-24,2024-10-10,won
814,416,2024-04-28,2024-05-01,lost
815,507,2024-04-09,2024-05-10,pending
816,607,2024-12-04,2024-12-27,won
817,231,2024-02-05,2024-02-19,lost
818,1052,2024-02-23,2024-03-29,won
819,716,2025-02-18,2025-03-17,pending
820,880,2024-09-18,2024-09-16,won
821,438,2025-06-07,2025-07-12,lost
822,55,2025-03-09,2025-03-11,won
823,1097,2024-08-15,2024-09-06,won
824,110,2024-10-08,2024-10-19,won
825,216,2024-05-14,2024-06-22,lost
826,271,2025-03-05,2025-03-27,pending
827,14,2024-09-12,2024-09-17,pending
828,760,2025-08-07,2025-07-29,won
829,8,2025-06-18,2025-07-23,pending
830,344,2024-03-19,2024-04-12,won
831,985,2025-03-26,2025-03-19,lost
832,285,2024-08-17,2024-08-22,pending
833,271,2024-01-26,2024-03-04,won
834,189,2025-06-02,2025-06-16,won
835,167,2024-09-23,2024-10-11,won
836,536,2024-11-25,2024-12-07,lost
837,472,2024-06-03,2024-06-15,lost
838,269,2025-05-08,2025-05-29,lost
839,30,2024-05-29,2024-05-25,lost
840,1118,2024-02-01,2024-02-05,lost
841,989,2024-05-16,2024-06-06,lost
842,500,2025-05-03,2025-05-31,lost
843,359,2024-03-12,2024-03-18,won
844,36,2025-01-03,2025-01-23,lost
845,1100,2024-10-30,2024-11-03,lost
846,475,2024-12-21,2024-12-12,won
847,1019,2025-02-26,2025-03-08,won
848,73,2025-02-27,2025-03-15,pending
849,695,2024-10-21,2024-11-26,lost
850,60,2024-10-16,2024-11-20,lost
851,166,2025-04-04,2025-04-17,won
852,61,2025-05-13,2025-05-27,lost
853,865,2024-10-20,2024-11-01,pending
854,518,2024-07-20,2024-07-24,lost
855,817,2024-03-22,2024-03-24,pending
856,926,2024-06-07,2024-06-11,won
857,925,2024-09-30,2024-10-11,lost
858,1176,2024-04-14,2024-05-12,won
859,423,2024-03-17,2024-03-12,lost
860,702,2024-07-22,2024-08-03,lost
861,1029,2025-06-12,2025-07-13,pending
862,785,2024-03-21,2024-03-20,won
863,884,2024-01-04,2024-02-03,lost
864,1075,2024-10-12,2024-11-18,lost
865,826,2024-10-30,2024-11-01,lost
866,398,2024-08-31,2024-10-02,pending
867,1164,2025-04-05,2025-05-06,won
868,47,2024-07-03,,won
869,467,2025-04-06,2025-04-08,won
870,71,2024-04-06,2024-04-13,pending
871,843,2025-04-14,2025-04-24,won
872,497,2025-05-30,2025-06-11,won
873,801,2024-08-12,2024-08-16,won
874,103,2024-08-02,2024-08-15,won
875,676,2024-12-14,2024-12-10,lost
876,756,2024-04-10,2024-04-17,lost
877,612,2024-04-14,2024-04-24,pending
878,326,2025-06-02,2025-06-05,won
879,6,2024-04-10,2024-04-13,lost
880,284,2024-08-11,2024-09-06,pending
881,1060,2025-06-28,2025-07-13,won
882,550,2025-05-28,2025-06-17,won
883,431,2024-01-22,2024-02-19,won
884,804,2025-03-01,2025-04-01,pending
885,1122,2025-01-29,2025-03-04,won
886,556,2025-02-19,2025-03-19,pending
887,146,2024-07-22,2024-08-28,won
888,326,2024-04-20,2024-05-11,won
889,904,2024-07-10,2024-08-09,won
890,720,2024-11-25,2024-11-17,won
891,478,2025-03-02,2025-02-26,lost
892,1138,2025-03-05,2025-04-05,lost
893,163,2024-04-09,2024-05-03,lost
894,613,2024-07-24,2024-08-29,pending
895,989,2024-08-23,2024-09-05,won
896,466,2024-12-03,2024-12-06,won
897,1127,2024-10-25,2024-10-28,lost
898,290,2024-03-12,2024-03-14,lost
899,285,2024-09-25,2024-10-29,lost
900,1165,2024-01-23,2024-02-15,won
901,715,2025-02-26,2025-02-22,won
902,594,2024-06-26,2024-07-21,pending
903,372,2025-01-06,,won
904,861,2025-05-20,,lost
905,718,2024-02-21,2024-03-28,won
906,586,2025-01-28,2025-01-25,pending
907,1115,2024-08-22,2024-09-22,pending
908,630,2024-07-06,2024-08-12,lost
909,304,2025-01-29,2025-02-04,pending
910,332,2024-01-30,2024-02-10,won
911,791,2024-05-15,2024-05-10,pending
912,1102,2024-12-18,2025-01-25,pending
913,440,2024-02-24,2024-02-28,lost
914,418,2024-10-02,2024-10-12,won
915,544,2025-03-12,2025-03-19,lost
916,628,2024-04-10,2024-05-12,pending
917,905,2025-06-03,2025-05-25,won
918,769,2024-10-02,2024-10-03,pending
919,649,2025-03-03,2025-03-02,won
920,543,2024-02-01,2024-03-02,won
921,167,2024-03-04,2024-02-28,lost
922,939,2024-02-24,2024-02-17,won
923,194,2024-07-08,2024-07-03,won
924,651,2024-01-13,2024-02-14,won
925,379,2024-12-16,2025-01-20,pending
926,744,2024-06-10,2024-06-07,lost
927,743,2025-05-14,2025-06-21,lost
928,647,2025-02-11,2025-02-23,won
929,148,2024-12-21,2024-12-29,lost
930,537,2025-01-20,2025-02-23,lost
931,1073,2025-05-08,2025-05-10,won
932,945,2025-07-11,2025-08-02,won
933,300,2024-01-03,2024-01-25,lost
934,1120,2024-07-22,2024-07-15,won
935,368,2024-02-04,2024-03-09,lost
936,62,2025-04-16,2025-04-26,pending
937,830,2024-06-20,2024-06-28,pending
938,1056,2024-04-30,2024-06-02,won
939,819,2025-06-05,2025-06-04,lost
940,1133,2024-12-01,2024-12-07,pending
941,579,2024-05-23,2024-06-16,won
942,180,2024-05-19,2024-05-15,lost
943,613,2025-03-02,2025-03-15,pending
944,407,2024-12-21,2025-01-15,won
945,1086,2024-08-12,2024-08-31,won
946,266,2025-04-17,2025-05-23,lost
947,939,2024-01-17,2024-01-30,won
948,237,2024-01-26,2024-02-28,won
949,512,2024-08-22,2024-09-24,pending
950,607,2024-02-13,,won
951,697,2025-04-30,2025-06-03,won
952,974,2024-01-26,2024-02-13,lost
953,560,2025-06-17,2025-07-16,lost
954,98,2024-07-12,2024-08-10,won
955,803,2025-03-28,2025-03-26,won
956,1032,2024-11-01,2024-11-06,lost
957,214,2024-10-15,2024-11-20,won
958,814,2025-03-10,2025-03-02,lost
959,341,2024-05-12,2024-05-04,lost
960,978,2024-08-28,2024-08-27,won
961,1017,2025-03-21,2025-04-24,won
962,934,2024-09-27,,won
963,818,2025-06-25,2025-06-27,won
964,1074,2024-04-26,2024-05-04,won
965,761,2025-07-25,2025-07-21,won
966,85,2024-01-25,2024-01-28,won
967,794,2024-09-13,2024-09-21,lost
968,614,2025-04-15,2025-04-08,lost
969,784,2024-11-05,2024-11-04,lost
970,535,2025-02-20,2025-03-13,won
971,226,2024-06-05,2024-06-17,won
972,404,2025-06-01,2025-06-18,pending
973,323,2024-11-18,2024-12-12,won
974,1052,2025-07-20,2025-07-11,won
975,1045,2024-07-24,2024-08-25,pending
976,904,2024-05-17,2024-05-18,won
977,656,2025-02-02,2025-03-13,pending
978,468,2024-07-16,2024-08-24,pending
979,1117,2025-01-06,2025-01-18,won
980,819,2024-03-02,,pending
981,200,2024-12-11,2024-12-04,lost
982,187,2025-07-03,2025-07-14,lost
983,1048,2024-11-16,2024-12-11,won
984,558,2024-07-21,2024-08-15,won
985,782,2025-04-15,2025-04-21,pending
986,680,2024-08-23,2024-09-03,lost
987,370,2025-02-05,2025-01-30,pending
988,616,2024-01-01,2024-01-31,won
989,617,2025-03-08,2025-03-31,won
990,600,2024-05-13,,lost
991,706,2024-01-24,2024-02-02,lost
992,401,2025-06-29,2025-07-29,pending
993,394,2024-07-13,2024-08-06,won
994,667,2024-07-08,2024-07-01,lost
995,971,2024-05-14,2024-05-18,won
996,986,2025-06-07,2025-07-16,lost
997,295,2025-07-07,2025-07-28,won
998,908,2024-01-14,2024-02-21,won
999,848,2024-05-03,2024-05-30,lost
1000,241,2025-02-14,2025-03-04,lost
1001,550,2024-06-21,,won
1002,550,2024-08-20,,lost
1003,1159,2024-07-17,2024-07-20,won
1004,354,2024-09-07,2024-10-10,pending
1005,1119,2024-11-01,2024-12-07,pending
1006,97,2024-10-05,2024-10-26,lost
1007,37,2024-11-07,2024-11-21,won
1008,214,2024-05-05,2024-05-06,lost
1009,6,2024-07-24,2024-08-03,won
1010,364,2024-10-17,2024-11-02,lost
1011,100,2024-05-08,2024-06-15,won
1012,1155,2024-01-18,2024-01-10,won
1013,450,2024-04-30,,won
1014,837,2025-02-28,2025-03-15,lost
1015,5,2025-01-23,2025-01-17,pending
1016,1042,2024-12-26,2025-01-15,won
1017,1117,2024-09-05,2024-08-31,lost
1018,228,2025-01-08,2025-02-15,lost
1019,1098,2025-05-04,2025-06-06,won
1020,255,2024-09-04,2024-09-19,lost
1021,869,2025-05-05,2025-05-09,won
1022,538,2024-05-17,2024-06-15,lost
1023,566,2024-09-11,2024-09-27,pending
1024,1113,2025-04-01,2025-03-31,won
1025,451,2024-04-19,2024-05-01,won
1026,206,2025-06-20,2025-07-29,won
1027,59,2025-04-24,2025-05-02,lost
1028,942,2024-02-07,2024-02-29,pending
1029,1044,2025-01-25,2025-03-04,lost
1030,1048,2024-11-05,2024-11-14,won
1031,703,2025-03-06,2025-03-20,pending
1032,66,2025-06-02,2025-06-20,won
1033,444,2025-04-01,2025-04-27,pending
1034,602,2024-04-29,2024-04-30,lost
1035,403,2024-12-28,2025-01-03,won
1036,80,2024-06-13,2024-06-21,pending
1037,861,2025-01-23,2025-02-06,lost
1038,528,2024-04-01,2024-04-15,lost
1039,586,2025-06-18,2025-06-29,pending
1040,926,2024-11-04,2024-11-10,pending
1041,81,2024-09-13,2024-10-21,lost
1042,1058,2024-12-15,2024-12-12,won
1043,529,2025-02-17,2025-03-10,won
1044,271,2024-09-13,2024-09-12,pending
1045,454,2024-09-12,2024-09-22,won
1046,859,2024-06-16,2024-06-23,lost
1047,37,2025-07-11,2025-07-07,won
1048,304,2024-03-20,2024-03-12,won
1049,460,2024-03-10,2024-03-22,won
1050,325,2024-06-22,2024-07-24,pending
1051,924,2025-05-03,2025-05-17,lost
1052,843,2024-07-11,2024-08-07,pending
1053,835,2024-10-27,2024-11-28,lost
1054,857,2024-05-01,2024-05-22,won
1055,609,2024-07-27,2024-07-23,won
1056,481,2025-07-07,,won
1057,490,2024-11-12,2024-12-18,won
1058,507,2024-06-27,2024-07-20,pending
1059,56,2024-10-30,2024-10-24,lost
1060,12,2024-03-03,2024-03-20,won
1061,307,2024-05-23,2024-06-13,won
1062,989,2024-02-16,2024-02-22,won
1063,806,2024-02-13,2024-03-01,lost
1064,829,2024-04-05,2024-03-31,won
1065,486,2025-05-04,2025-05-26,pending
1066,537,2024-12-31,2025-01-16,won
1067,699,2024-10-21,2024-10-29,pending
1068,1113,2024-06-16,2024-07-09,pending
1069,580,2024-07-22,2024-08-25,pending
1070,381,2024-12-05,2024-12-29,won
1071,878,2024-09-20,2024-10-27,lost
1072,595,2025-01-27,2025-02-24,won
1073,810,2024-01-06,2024-01-20,won
1074,838,2024-05-21,2024-06-08,pending
1075,62,2025-05-21,2025-05-23,lost
1076,743,2025-03-07,2025-04-04,won
1077,122,2025-05-09,2025-05-17,won
1078,32,2024-12-26,2024-12-17,won
1079,9,2025-04-08,2025-04-09,pending
1080,530,2025-05-15,2025-06-10,won
1081,25,2024-12-03,2024-12-29,pending
1082,322,2024-09-04,2024-09-28,won
1083,932,2024-08-03,2024-08-04,won
1084,856,2024-05-10,,won
1085,916,2025-04-28,2025-05-16,won
1086,57,2024-04-21,2024-05-20,won
1087,356,2025-01-08,2025-02-01,won
1088,637,2025-03-17,2025-04-08,lost
1089,815,2024-10-17,2024-10-21,won
1090,448,2025-06-20,,lost
1091,690,2024-05-04,2024-04-28,lost
1092,356,2025-01-10,2025-01-25,lost
1093,171,2025-01-24,2025-01-17,won
1094,66,2024-12-30,2024-12-29,won
1095,1065,2024-05-22,2024-06-26,pending
1096,949,2024-12-19,2025-01-05,won
1097,508,2025-06-17,,won
1098,129,2025-02-06,2025-03-05,lost
1099,74,2025-01-13,2025-02-11,lost
1100,1153,2025-04-08,2025-04-19,won
1101,666,2025-04-07,2025-05-10,won
1102,592,2024-08-20,2024-09-23,won
1103,38,2025-02-20,2025-02-21,won
1104,131,2024-12-12,2025-01-16,lost
1105,935,2025-05-26,2025-05-19,pending
1106,167,2024-12-26,2025-01-12,won
1107,1092,2024-03-17,2024-04-25,pending
1108,971,2025-01-10,2025-02-02,lost
1109,684,2024-01-26,2024-02-08,lost
1110,76,2025-06-08,2025-06-19,won
1111,629,2024-12-19,2025-01-13,won
1112,228,2024-05-29,2024-05-30,lost
1113,1019,2024-04-04,2024-04-18,lost
1114,101,2024-09-25,2024-10-10,won
1115,328,2025-01-15,2025-02-19,lost
1116,424,2024-01-10,2024-01-21,won
1117,629,2024-10-22,2024-11-07,lost
1118,453,2024-12-04,2024-12-25,won
1119,165,2024-09-11,2024-09-06,won
1120,215,2024-02-16,2024-02-18,won
1121,552,2024-05-31,2024-07-06,won
1122,243,2024-04-08,2024-04-23,pending
1123,736,2024-05-16,2024-05-07,lost
1124,1153,2025-03-01,2025-03-10,won
1125,302,2024-11-29,2024-12-20,won
1126,46,2025-02-24,2025-03-13,won
1127,71,2024-01-01,2024-01-06,lost
1128,628,2024-03-28,2024-04-19,won
1129,77,2024-04-08,2024-04-09,lost
1130,189,2025-04-02,2025-05-03,won
1131,111,2024-05-26,2024-06-28,won
1132,1063,2024-04-13,2024-05-21,won
1133,373,2024-06-20,2024-07-21,won
1134,740,2024-07-16,2024-08-10,lost
1135,679,2024-02-06,2024-02-02,lost
1136,611,2024-09-25,2024-10-21,won
1137,761,2025-08-01,2025-07-28,won
1138,67,2024-02-16,2024-03-22,won
1139,514,2024-02-03,2024-02-13,won
1140,456,2024-06-04,2024-06-17,pending
1141,725,2024-01-31,2024-02-01,pending
1142,409,2024-05-29,2024-06-23,won
1143,510,2024-06-19,2024-06-29,pending
1144,1063,2025-05-23,2025-05-22,lost
1145,130,2024-06-09,2024-07-03,lost
1146,1037,2024-06-14,2024-06-29,won
1147,802,2025-02-05,2025-02-06,won
1148,1134,2024-01-13,2024-01-11,lost
1149,1005,2024-05-22,2024-06-14,won
1150,727,2024-12-24,2024-12-28,lost
1151,566,2024-07-24,2024-08-02,pending
1152,837,2025-01-04,2025-01-20,won
1153,165,2024-09-30,,lost
1154,1062,2024-10-11,2024-11-14,lost
1155,534,2024-09-26,2024-10-08,won
1156,263,2024-09-19,2024-10-27,won
1157,875,2024-07-08,2024-08-06,pending
1158,412,2024-08-15,2024-09-05,won
1159,411,2024-01-14,2024-01-28,won
1160,871,2025-05-16,2025-06-07,lost
1161,920,2024-12-16,2024-12-27,won
1162,513,2024-03-22,2024-03-26,pending
1163,376,2024-05-10,2024-06-07,won
1164,609,2025-03-27,2025-05-03,lost
1165,480,2024-02-01,,won
1166,1080,2024-06-14,2024-07-18,won
1167,257,2024-11-06,2024-11-20,won
1168,224,2024-08-07,2024-08-28,won
1169,261,2024-10-13,2024-11-06,won
1170,1048,2024-09-21,2024-09-30,won
1171,301,2024-05-24,2024-06-15,pending
1172,1085,2025-07-03,2025-08-05,won
1173,1126,2025-06-09,2025-06-19,won
1174,1087,2024-12-31,2025-01-25,won
1175,976,2024-09-16,2024-09-27,pending
1176,225,2025-05-22,2025-06-01,won
1177,328,2024-08-22,2024-09-06,won
1178,650,2025-05-15,2025-05-18,won
1179,132,2025-01-07,,lost
1180,832,2025-05-18,2025-05-22,pending
1181,969,2025-01-18,2025-02-11,lost
1182,761,2024-01-12,2024-02-19,pending
1183,903,2024-12-30,2025-01-25,pending
1184,928,2024-01-23,2024-02-02,won
1185,880,2024-07-17,,won
1186,916,2025-02-20,2025-03-15,won
1187,235,2025-04-14,2025-04-19,pending
1188,297,2024-03-11,2024-03-21,won
1189,80,2024-09-14,2024-10-03,lost
1190,547,2024-03-24,2024-04-07,won
1191,483,2024-01-22,2024-02-17,won
1192,1123,2024-11-25,2024-12-13,won
1193,979,2025-07-06,2025-08-07,pending
1194,692,2024-10-16,2024-10-28,won
1195,372,2025-06-19,2025-06-22,won
1196,506,2025-07-01,2025-08-04,won
1197,747,2024-01-03,2024-02-11,won
1198,802,2024-05-15,2024-05-17,lost
1199,1151,2024-10-16,2024-10-26,lost
1200,1018,2024-10-05,2024-10-09,won
1201,689,2024-10-10,2024-10-22,pending
1202,276,2025-04-02,2025-04-17,lost
1203,644,2024-11-02,2024-10-26,lost
1204,1029,2025-06-07,2025-06-29,won
1205,835,2024-07-28,2024-09-03,won
1206,816,2024-09-05,2024-10-06,won
1207,366,2024-07-25,2024-08-27,pending
1208,1184,2024-11-22,2024-11-17,won
1209,536,2024-05-09,2024-05-23,won
1210,1024,2025-04-13,2025-04-27,won
1211,207,2024-06-28,2024-07-01,won
1212,448,2025-05-31,2025-07-03,won
1213,1004,2024-08-27,2024-09-01,pending
1214,846,2025-02-22,2025-03-17,lost
1215,316,2024-03-02,2024-03-14,pending
1216,491,2024-03-09,2024-04-11,won
1217,202,2025-06-03,,pending
1218,988,2025-01-09,2025-02-14,pending
1219,1006,2024-03-19,2024-03-12,won
1220,214,2024-03-04,2024-03-12,won
1221,221,2025-06-12,2025-06-25,won
1222,457,2024-06-06,2024-06-14,lost
1223,44,2024-04-17,2024-04-14,won
1224,134,2024-10-01,2024-09-30,won
1225,665,2024-10-28,2024-11-12,won
1226,677,2024-09-06,2024-10-02,lost
1227,660,2024-06-20,2024-07-01,won
1228,104,2024-07-09,2024-08-08,pending
1229,281,2024-02-11,2024-03-15,lost
1230,128,2024-04-13,2024-05-19,lost
1231,1176,2025-03-05,2025-03-26,won
1232,311,2024-08-01,2024-07-27,won
1233,165,2025-03-12,2025-03-22,lost
1234,788,2024-11-29,2024-11-22,lost
1235,358,2024-05-25,2024-05-20,won
1236,269,2025-05-20,2025-06-08,won
1237,718,2024-02-10,2024-02-05,won
1238,457,2024-09-21,2024-10-11,won
1239,942,2024-09-01,2024-09-26,won
1240,155,2024-05-28,2024-06-16,pending
1241,251,2024-10-19,2024-11-02,pending
1242,61,2024-07-27,2024-08-27,pending
1243,773,2025-01-21,2025-02-12,lost
1244,662,2024-05-18,2024-06-01,won
1245,480,2024-05-11,,lost
1246,696,2025-07-05,2025-07-16,lost
1247,107,2025-03-25,2025-04-08,lost
1248,765,2025-06-04,2025-06-22,won
1249,562,2024-02-29,2024-02-24,won
1250,686,2025-05-24,2025-06-01,won
1251,1150,2024-02-18,,pending
1252,618,2024-04-30,2024-05-29,lost
1253,759,2024-01-26,2024-02-11,won
1254,285,2024-09-22,2024-09-19,pending
1255,124,2024-10-01,2024-10-02,won
1256,925,2024-12-30,2025-02-06,lost
1257,728,2024-04-22,2024-05-17,won
1258,654,2024-02-16,2024-02-19,lost
1259,1184,2024-04-16,2024-04-19,won
1260,492,2024-08-11,2024-08-21,pending
1261,294,2025-05-20,2025-06-20,lost
1262,302,2024-10-01,2024-10-14,won
1263,198,2025-03-30,2025-03-27,lost
1264,712,2024-07-20,2024-08-03,won
1265,889,2024-07-11,2024-08-02,lost
1266,616,2024-09-01,2024-09-27,won
1267,184,2024-07-04,2024-07-20,lost
1268,73,2024-02-18,2024-03-16,won
1269,885,2024-07-11,2024-08-07,lost
1270,635,2024-07-15,2024-07-22,lost
1271,462,2024-12-01,2025-01-02,pending
1272,893,2024-03-28,2024-04-24,pending
1273,734,2025-05-05,2025-04-28,won
1274,865,2024-03-06,2024-03-17,lost
1275,250,2025-03-10,2025-03-15,won
1276,900,2024-05-16,2024-05-27,lost
1277,965,2024-01-01,2024-02-04,lost
1278,42,2025-05-09,2025-05-23,won
1279,426,2025-04-04,2025-04-24,won
1280,1197,2025-07-23,2025-07-20,lost
1281,1143,2024-05-29,2024-07-06,pending
1282,652,2024-09-03,2024-10-07,lost
1283,223,2025-01-15,2025-01-17,lost
1284,96,2024-10-25,,pending
1285,1160,2024-10-06,2024-11-06,won
1286,826,2024-04-18,2024-05-22,lost
1287,566,2025-04-23,2025-05-18,lost
1288,569,2024-06-29,,lost
1289,921,2024-06-15,,pending
1290,771,2024-11-28,2024-12-19,pending
1291,370,2025-01-30,2025-02-16,lost
1292,1021,2024-12-18,2025-01-23,won
1293,1165,2024-08-06,2024-08-09,won
1294,567,2024-11-19,2024-11-28,pending
1295,1104,2024-06-01,2024-06-17,won
1296,1013,2024-12-12,2024-12-27,pending
1297,514,2024-07-28,2024-07-23,lost
1298,786,2024-09-02,2024-08-27,lost
1299,122,2025-02-06,,won
1300,835,2024-01-30,2024-03-05,lost
1301,460,2025-07-09,2025-07-27,won
1302,875,2024-06-18,2024-07-23,won
1303,321,2024-09-21,2024-09-29,lost
1304,631,2024-12-28,2025-01-07,won
1305,654,2024-06-08,2024-06-19,pending
1306,490,2024-03-19,2024-03-29,won
1307,657,2025-03-06,2025-04-14,won
1308,890,2025-06-30,2025-07-26,won
1309,590,2025-07-11,2025-08-03,pending
1310,444,2024-01-30,2024-02-29,won
1311,1002,2024-05-15,,lost
1312,906,2024-01-25,2024-02-22,pending
1313,546,2024-06-16,2024-06-11,won
1314,306,2024-07-30,2024-08-01,lost
1315,640,2024-12-05,2025-01-11,lost
1316,770,2024-01-12,2024-01-17,won
1317,1146,2024-02-24,2024-04-02,lost
1318,900,2024-03-08,2024-03-25,pending
1319,307,2024-05-11,,pending
1320,541,2024-01-13,2024-01-30,won
1321,298,2024-07-12,2024-07-30,won
1322,1019,2024-03-09,2024-04-10,won
1323,286,2024-04-05,2024-05-14,lost
1324,677,2024-02-27,2024-04-03,lost
1325,686,2024-02-23,2024-03-17,lost
1326,238,2024-03-02,2024-03-25,won
1327,493,2024-01-15,2024-01-17,lost
1328,551,2024-07-28,2024-08-11,lost
1329,178,2024-10-15,2024-10-28,won
1330,967,2024-11-14,2024-11-09,won
1331,238,2024-05-15,2024-06-22,pending
1332,382,2024-12-11,2024-12-29,pending
1333,1054,2024-10-26,2024-11-02,won
1334,367,2025-04-10,2025-04-15,lost
1335,287,2024-02-06,2024-02-23,lost
1336,1035,2024-11-28,2024-12-30,won
1337,1145,2024-05-19,2024-06-04,won
1338,145,2024-12-30,2025-01-08,lost
1339,949,2024-06-01,2024-06-28,won
1340,19,2025-02-02,2025-02-05,won
1341,500,2024-12-25,2025-01-07,won
1342,1101,2024-09-06,2024-09-12,pending
1343,719,2024-02-29,2024-03-30,pending
1344,378,2024-10-02,2024-10-22,won
1345,1112,2024-05-15,2024-06-04,won
1346,594,2025-06-19,2025-07-11,won
1347,141,2024-08-29,2024-09-10,pending
1348,629,2025-05-27,2025-06-17,won
1349,987,2024-08-26,2024-09-07,pending
1350,717,2025-04-10,2025-04-26,won
1351,1082,2024-02-03,2024-02-17,lost
1352,1189,2025-05-10,2025-06-12,won
1353,58,2024-06-17,2024-06-18,pending
1354,809,2025-06-05,2025-06-17,lost
1355,971,2024-06-04,2024-07-12,won
1356,753,2024-02-24,2024-02-19,lost
1357,714,2025-03-09,2025-03-01,won
1358,63,2025-03-04,2025-04-08,lost
1359,356,2024-09-02,2024-09-23,won
1360,490,2025-05-21,2025-06-09,won
1361,230,2024-07-01,2024-07-16,lost
1362,780,2025-04-20,2025-05-12,won
1363,896,2024-12-28,2025-02-04,won
1364,498,2024-03-26,2024-04-01,won
1365,392,2024-07-28,2024-08-19,lost
1366,470,2025-03-06,2025-03-24,lost
1367,428,2024-11-19,2024-11-25,won
1368,1022,2024-06-13,2024-06-27,won
1369,1141,2024-04-06,2024-05-15,won
1370,32,2024-01-27,2024-02-19,won
1371,477,2024-05-06,2024-06-03,won
1372,1172,2025-01-08,2025-02-04,lost
1373,612,2024-04-02,2024-05-01,won
1374,198,2024-05-21,2024-06-20,lost
1375,971,2024-06-05,2024-07-12,won
1376,1067,2024-04-11,2024-04-14,lost
1377,845,2024-05-13,2024-06-05,won
1378,1099,2025-05-01,,won
1379,836,2024-11-26,2024-12-24,lost
1380,359,2024-03-01,2024-03-18,won
1381,561,2025-04-01,2025-05-10,pending
1382,389,2024-07-24,2024-07-31,lost
1383,1144,2024-03-28,2024-03-19,won
1384,979,2024-07-07,2024-07-19,won
1385,4,2024-06-11,2024-07-01,won
1386,709,2025-02-05,2025-03-13,lost
1387,548,2025-02-20,2025-02-25,lost
1388,689,2024-01-24,2024-01-21,won
1389,1154,2025-06-09,2025-06-19,lost
1390,1183,2025-04-24,2025-05-04,lost
1391,221,2024-12-08,2024-12-17,pending
1392,72,2025-06-10,,won
1393,505,2025-04-17,2025-05-12,won
1394,295,2024-12-18,,won
1395,367,2025-06-04,2025-05-31,pending
1396,611,2024-09-03,2024-08-29,won
1397,879,2025-03-24,2025-04-12,won
1398,738,2024-07-16,2024-08-08,pending
1399,883,2025-03-10,2025-03-05,won
1400,359,2024-12-22,2024-12-20,won
1401,279,2024-04-28,2024-04-27,won
1402,370,2025-03-10,2025-03-24,pending
1403,124,2024-12-26,2025-01-01,won
1404,1137,2025-02-21,2025-02-22,won
1405,42,2024-09-24,2024-10-19,lost
1406,897,2025-01-06,2025-01-30,pending
1407,375,2024-07-09,2024-08-10,lost
1408,527,2025-02-01,2025-03-12,won
1409,827,2025-04-17,2025-05-18,won
1410,917,2024-03-25,2024-03-30,pending
1411,1002,2024-04-14,2024-05-08,lost
1412,123,2024-02-23,2024-03-06,won
1413,554,2025-05-13,2025-05-16,lost
1414,227,2024-02-24,2024-04-03,lost
1415,456,2024-05-13,2024-06-03,won
1416,414,2025-04-12,2025-04-23,pending
1417,938,2024-07-01,2024-07-18,won
1418,523,2025-02-14,2025-03-25,lost
1419,59,2024-04-07,2024-04-25,won
1420,384,2025-02-10,2025-03-03,won
1421,848,2025-04-15,2025-04-06,lost
1422,40,2024-11-21,2024-12-24,pending
1423,367,2025-05-27,2025-07-02,pending
1424,96,2024-09-30,2024-09-22,pending
1425,845,2024-01-13,2024-01-26,lost
1426,152,2024-08-07,2024-09-08,won
1427,581,2024-10-26,2024-11-11,won
1428,788,2024-05-24,2024-06-07,pending
1429,380,2025-06-05,2025-06-19,pending
1430,182,2024-10-25,2024-10-24,won
1431,647,2025-04-09,2025-04-28,won
1432,1073,2024-02-10,2024-02-26,pending
1433,425,2024-02-26,2024-03-18,won
1434,49,2025-04-11,2025-05-16,lost
1435,192,2024-06-02,2024-06-07,lost
1436,15,2025-01-30,2025-03-10,lost
1437,11,2024-07-14,2024-08-13,won
1438,279,2024-10-07,2024-10-24,won
1439,1062,2024-04-13,,lost
1440,891,2024-04-30,2024-05-28,won
1441,444,2025-05-04,2025-05-07,won
1442,716,2025-01-09,2025-01-31,won
1443,538,2024-09-28,2024-10-20,won
1444,383,2025-03-17,2025-03-23,won
1445,90,2024-12-25,2025-01-25,lost
1446,924,2024-05-10,2024-06-12,won
1447,464,2024-09-23,2024-10-16,won
1448,1123,2024-10-16,2024-11-03,won
1449,119,2025-06-07,2025-06-23,won
1450,9,2024-07-20,2024-07-18,lost
1451,1168,2024-06-11,2024-06-12,lost
1452,459,2025-06-02,2025-06-27,won
1453,871,2024-08-04,2024-08-05,won
1454,1122,2024-08-31,2024-08-25,lost
1455,709,2024-06-21,,won
1456,916,2025-05-29,2025-05-20,won
1457,890,2025-01-28,2025-02-26,lost
1458,355,2025-05-10,2025-05-04,lost
1459,1085,2024-03-19,2024-04-10,won
1460,171,2025-01-09,2025-02-12,lost
1461,744,2025-06-26,2025-08-04,won
1462,1001,2025-04-23,2025-04-20,won
1463,15,2024-04-07,2024-05-04,won
1464,134,2025-01-04,2025-01-13,won
1465,173,2024-08-04,2024-09-08,won
1466,956,2025-06-27,2025-06-23,won
1467,847,2024-07-18,,lost
1468,1123,2024-12-22,2025-01-26,won
1469,625,2024-05-31,2024-05-24,pending
1470,348,2024-06-16,2024-06-21,pending
1471,1159,2025-05-24,2025-05-17,won
1472,812,2024-08-24,2024-09-04,pending
1473,60,2024-01-23,2024-02-01,lost
1474,1112,2025-02-09,2025-02-27,lost
1475,1150,2025-01-13,2025-01-06,lost
1476,848,2024-08-22,2024-08-20,lost
1477,784,2024-01-14,2024-02-10,pending
1478,18,2024-10-20,2024-10-15,won
1479,81,2024-02-14,2024-02-13,pending
1480,285,2024-10-21,2024-10-28,won
1481,620,2024-04-08,2024-04-13,pending
1482,1100,2025-04-27,2025-06-03,pending
1483,1089,2025-02-20,2025-03-27,won
1484,892,2024-07-30,2024-08-22,lost
1485,1185,2025-03-12,2025-04-12,lost
1486,187,2024-04-18,2024-04-12,won
1487,674,2024-04-17,2024-05-03,won
1488,987,2024-10-29,,lost
1489,987,2025-02-02,2025-03-02,pending
1490,85,2025-03-21,2025-03-28,won
1491,920,2025-04-15,2025-04-24,won
1492,337,2024-05-21,2024-06-09,lost
1493,122,2025-02-21,2025-04-01,won
1494,1152,2024-10-15,2024-11-03,pending
1495,307,2024-05-31,2024-06-11,won
1496,558,2024-05-28,2024-05-24,won
1497,734,2024-01-19,2024-01-21,lost
1498,443,2025-02-01,2025-02-07,won
1499,817,2024-03-20,2024-04-26,pending
1500,444,2025-01-09,2025-01-26,lost
1501,261,2024-03-22,2024-03-23,pending
1502,902,2025-04-15,2025-04-23,lost
1503,65,2024-12-03,2024-12-28,lost
1504,1007,2024-09-21,2024-09-17,won
1505,309,2025-05-31,2025-07-04,lost
1506,813,2025-03-03,2025-03-01,won
1507,597,2024-11-05,2024-12-05,pending
1508,457,2025-04-12,2025-04-04,pending
1509,646,2025-02-07,2025-03-09,won
1510,482,2025-01-12,2025-01-18,pending
1511,734,2024-01-03,2024-01-29,won
1512,366,2025-04-20,2025-05-29,won
1513,1181,2024-03-06,,lost
1514,640,2024-12-19,2025-01-18,lost
1515,843,2025-03-25,2025-05-03,won
1516,157,2025-04-01,2025-05-10,lost
1517,240,2025-04-08,2025-04-15,pending
1518,65,2024-10-13,2024-11-12,pending
1519,606,2024-07-08,2024-08-07,lost
1520,546,2024-10-12,2024-10-07,won
1521,538,2024-10-18,2024-10-13,pending
1522,1100,2024-03-20,2024-03-24,won
1523,269,2025-06-19,2025-07-12,lost
1524,18,2025-06-10,2025-06-23,lost
1525,1125,2024-02-13,2024-02-07,pending
1526,419,2025-05-14,2025-06-20,won
1527,667,2024-05-07,2024-05-05,won
1528,588,2024-05-15,2024-05-10,pending
1529,656,2024-07-08,2024-08-16,won
1530,451,2025-07-02,2025-07-20,won
1531,1076,2024-08-19,2024-08-16,pending
1532,1199,2025-03-13,2025-04-21,lost
1533,598,2024-06-11,2024-07-07,lost
1534,595,2024-06-26,2024-07-20,lost
1535,791,2025-03-15,2025-04-21,won
1536,1124,2025-01-24,2025-01-23,won
1537,250,2024-02-04,2024-03-08,lost
1538,182,2024-08-28,2024-09-18,won
1539,229,2024-07-13,2024-07-10,won
1540,1017,2024-10-24,2024-11-17,pending
1541,92,2025-06-03,2025-07-04,won
1542,1090,2024-12-25,2025-02-01,won
1543,541,2024-07-17,2024-08-17,lost
1544,26,2024-02-14,2024-03-18,won
1545,746,2024-05-29,2024-05-25,won
1546,597,2024-06-09,2024-07-12,won
1547,429,2025-04-03,2025-05-09,lost
1548,243,2024-03-08,2024-04-13,won
1549,937,2024-03-05,2024-03-17,lost
1550,1011,2024-10-23,,pending
1551,837,2024-05-23,2024-06-23,won
1552,1126,2025-02-17,,won
1553,665,2024-12-05,2024-12-26,won
1554,690,2025-07-14,2025-07-08,won
1555,702,2025-04-29,2025-06-07,won
1556,224,2024-04-23,2024-06-01,pending
1557,959,2024-06-11,2024-06-20,won
1558,79,2025-03-17,2025-04-01,pending
1559,162,2024-12-15,2024-12-09,won
1560,1180,2024-08-19,2024-08-25,lost
1561,420,2024-03-23,2024-04-01,lost
1562,1132,2024-03-25,2024-03-18,won
1563,709,2024-03-03,2024-02-24,lost
1564,249,2024-09-14,2024-09-23,won
1565,1132,2025-01-14,2025-01-16,lost
1566,760,2024-04-22,2024-05-08,lost
1567,1095,2024-06-29,2024-07-14,won
1568,1162,2025-02-26,2025-02-24,lost
1569,85,2024-03-01,,won
1570,43,2024-02-23,2024-02-25,won
1571,694,2024-11-06,2024-11-28,won
1572,355,2024-07-10,2024-07-31,won
1573,316,2025-02-02,2025-03-08,won
1574,81,2024-08-15,2024-08-18,pending
1575,138,2025-01-02,2025-01-15,won
1576,1098,2024-06-03,2024-07-08,won
1577,775,2025-03-11,2025-04-03,won
1578,47,2024-09-13,2024-10-01,won
1579,715,2025-04-12,2025-04-04,pending
1580,1193,2024-12-01,2024-12-26,pending
1581,199,2025-04-02,2025-05-02,won
1582,453,2025-05-24,2025-05-23,won
1583,461,2024-09-10,2024-09-27,pending
1584,794,2024-06-12,2024-06-05,pending
1585,289,2024-12-14,2025-01-12,lost
1586,235,2024-04-15,2024-05-02,won
1587,652,2024-06-28,2024-07-29,won
1588,1013,2024-04-20,,won
1589,746,2024-11-12,2024-11-21,pending
1590,910,2024-12-26,2025-01-06,pending
1591,127,2025-01-09,2025-01-30,won
1592,535,2024-08-23,2024-08-21,won
1593,1033,2024-10-17,2024-10-27,won
1594,45,2025-06-23,2025-07-16,won
1595,469,2024-10-21,2024-11-20,lost
1596,721,2024-09-29,2024-10-10,pending
1597,293,2024-03-30,2024-03-29,lost
1598,225,2025-04-27,,lost
1599,514,2025-02-03,2025-03-14,pending
1600,241,2024-02-05,2024-02-08,lost
1601,981,2024-06-15,2024-07-15,lost
1602,1088,2025-01-16,2025-02-02,lost
1603,676,2025-02-07,2025-03-09,won
1604,1056,2025-06-10,2025-06-11,won
1605,261,2025-02-18,2025-02-26,won
1606,121,2024-01-17,2024-02-21,pending
1607,828,2024-12-09,2025-01-01,lost
1608,191,2025-06-10,2025-07-10,won
1609,508,2024-11-27,2024-12-10,won
1610,12,2025-02-16,2025-02-26,won
1611,117,2024-02-14,2024-02-20,won
1612,1120,2025-06-07,2025-07-13,won
1613,383,2024-06-18,2024-07-12,lost
1614,274,2024-03-13,2024-04-20,won
1615,936,2025-01-13,2025-01-07,won
1616,519,2025-04-03,2025-05-01,lost
1617,4,2025-05-01,2025-05-02,lost
1618,185,2024-11-14,2024-12-19,won
1619,1098,2025-01-07,2025-02-08,won
1620,281,2024-01-15,2024-02-23,lost
1621,661,2024-05-25,2024-06-10,won
1622,177,2024-06-23,2024-07-31,lost
1623,463,2024-02-28,,won
1624,250,2024-07-24,2024-07-19,lost
1625,7,2025-02-17,2025-03-24,pending
1626,228,2025-05-18,2025-05-19,won
1627,393,2024-10-28,2024-11-27,won
1628,1185,2024-05-13,2024-05-20,won
1629,391,2024-04-19,2024-05-07,won
1630,18,2025-05-18,2025-05-31,lost
1631,1022,2024-06-23,2024-06-24,lost
1632,280,2024-09-25,2024-09-21,pending
1633,865,2024-10-24,2024-11-27,won
1634,965,2025-05-20,2025-05-30,won
1635,248,2025-05-26,2025-05-30,won
1636,239,2024-10-18,2024-10-17,lost
1637,81,2025-06-25,2025-07-21,won
1638,904,2024-02-19,2024-03-24,won
1639,258,2025-03-30,2025-05-08,won
1640,632,2025-03-20,2025-04-10,lost
1641,511,2025-05-10,2025-05-09,pending
1642,148,2025-01-07,2025-01-13,won
1643,487,2024-01-25,2024-02-02,won
1644,455,2024-06-02,2024-06-27,pending
1645,454,2024-11-16,2024-11-29,won
1646,254,2025-03-07,,won
1647,835,2024-11-09,2024-11-30,won
1648,1073,2024-04-14,2024-04-17,lost
1649,1199,2024-01-08,2024-02-10,won
1650,154,2024-09-01,2024-09-07,pending
1651,106,2025-03-23,2025-03-18,won
1652,570,2024-09-06,2024-09-29,pending
1653,1053,2024-07-06,2024-07-01,won
1654,945,2024-07-28,2024-08-03,pending
1655,475,2024-10-10,2024-11-02,lost
1656,242,2024-04-04,2024-04-28,won
1657,1139,2024-07-10,2024-07-18,lost
1658,692,2025-01-02,2025-01-12,won
1659,903,2024-08-17,2024-08-22,won
1660,1061,2024-12-23,2025-01-12,lost
1661,104,2024-11-01,2024-10-24,won
1662,579,2025-04-29,2025-05-14,lost
1663,1110,2024-10-30,2024-11-15,pending
1664,725,2025-06-09,2025-07-17,won
1665,117,2024-05-02,2024-05-23,won
1666,907,2024-01-22,2024-01-30,won
1667,515,2024-02-27,2024-03-12,won
1668,230,2025-04-12,2025-04-04,lost
1669,426,2025-02-02,2025-02-04,lost
1670,650,2024-02-04,2024-02-13,won
1671,504,2025-02-10,2025-03-05,won
1672,311,2024-09-18,2024-09-12,won
1673,490,2025-01-24,2025-01-30,won
1674,1139,2024-08-13,2024-09-03,won
1675,449,2025-01-25,2025-01-21,won
1676,511,2024-01-29,,lost
1677,902,2024-02-05,2024-03-09,pending
1678,635,2025-01-02,2025-02-05,won
1679,878,2024-06-04,2024-05-27,pending
1680,839,2024-05-01,2024-06-08,lost
1681,216,2024-08-11,2024-08-25,pending
1682,733,2025-05-07,2025-05-18,pending
1683,619,2024-11-24,2024-11-23,won
1684,306,2024-09-12,2024-09-28,won
1685,980,2024-01-29,2024-02-27,won
1686,319,2024-05-30,2024-06-29,won
1687,884,2025-06-05,2025-06-10,won
1688,1075,2024-07-28,2024-08-30,pending
1689,81,2025-03-20,2025-03-31,lost
1690,852,2025-01-07,,won
1691,625,2025-03-18,2025-04-16,pending
1692,422,2025-03-26,2025-05-01,lost
1693,635,2025-04-03,2025-04-30,lost
1694,261,2024-11-03,2024-12-01,won
1695,73,2024-01-27,2024-02-13,won
1696,302,2024-07-10,2024-07-08,pending
1697,1098,2025-04-09,2025-04-10,pending
1698,127,2024-03-31,2024-03-22,won
1699,393,2025-01-22,2025-01-23,won
1700,1136,2025-02-15,2025-03-22,won
1701,279,2024-04-29,2024-05-11,pending
1702,1100,2024-06-17,2024-07-01,lost
1703,410,2024-05-07,2024-06-04,won
1704,224,2025-07-09,2025-08-15,won
1705,1027,2025-01-04,2025-02-10,pending
1706,604,2024-09-13,2024-10-10,pending
1707,767,2024-04-01,2024-04-23,won
1708,1015,2025-01-02,2025-01-16,won
1709,269,2025-01-23,2025-02-17,won
1710,451,2024-03-26,2024-04-24,won
1711,631,2024-12-16,2024-12-22,lost
1712,282,2025-07-07,2025-07-08,won
1713,821,2025-04-11,2025-05-20,won
1714,1147,2025-04-29,2025-05-31,lost
1715,588,2024-04-22,2024-05-28,pending
1716,1080,2024-02-15,2024-02-20,lost
1717,437,2025-02-14,,won
1718,927,2024-04-29,2024-05-19,pending
1719,1186,2024-10-31,2024-11-20,lost
1720,839,2024-07-19,2024-07-16,pending
1721,494,2024-06-24,2024-07-07,won
1722,598,2024-07-16,2024-07-29,won
1723,95,2024-04-15,2024-05-22,won
1724,774,2025-05-12,2025-05-16,won
1725,1198,2024-04-28,2024-04-25,pending
1726,884,2024-01-17,2024-01-20,won
1727,954,2024-07-18,2024-07-30,lost
1728,587,2024-08-04,2024-08-28,lost
1729,640,2024-09-26,2024-10-02,pending
1730,1132,2024-12-30,,won
1731,227,2024-06-03,2024-06-07,lost
1732,780,2024-10-23,2024-12-01,won
1733,231,2024-12-21,2024-12-15,won
1734,256,2025-03-15,2025-04-15,lost
1735,472,2024-08-29,2024-09-21,lost
1736,141,2024-03-15,2024-04-17,won
1737,272,2025-02-04,2025-02-23,won
1738,972,2025-01-23,2025-02-18,pending
1739,655,2025-05-09,2025-06-03,lost
1740,367,2024-02-10,2024-02-15,won
1741,12,2025-06-13,2025-06-12,pending
1742,205,2024-10-14,2024-10-24,won
1743,612,2024-06-25,2024-07-12,won
1744,666,2025-05-16,2025-05-19,won
1745,1021,2024-04-09,,won
1746,424,2024-09-04,2024-10-12,won
1747,19,2024-01-09,2024-01-20,won
1748,721,2024-02-09,2024-01-31,lost
1749,719,2025-06-19,2025-07-15,won
1750,703,2024-04-13,2024-05-19,lost
1751,756,2024-12-01,2024-12-11,won
1752,598,2025-02-02,2025-03-10,pending
1753,324,2024-01-07,2024-01-25,lost
1754,318,2024-09-22,2024-10-07,pending
1755,457,2025-02-08,2025-03-15,won
1756,217,2024-12-03,2024-12-24,won
1757,230,2024-10-21,2024-11-05,lost
1758,1102,2025-07-12,2025-07-17,pending
1759,239,2024-10-15,2024-11-16,won
1760,528,2024-06-27,2024-06-29,lost
1761,1067,2024-02-22,2024-03-11,lost
1762,165,2024-09-24,2024-10-26,won
1763,242,2025-03-24,2025-05-02,won
1764,258,2025-07-05,2025-07-27,won
1765,746,2024-05-07,2024-06-01,pending
1766,466,2025-04-24,2025-04-30,won
1767,1133,2024-04-19,2024-05-26,pending
1768,356,2024-03-25,2024-03-27,lost
1769,1036,2024-01-30,2024-02-20,lost
1770,454,2025-02-27,2025-03-23,won
1771,1097,2024-11-09,2024-11-08,lost
1772,851,2024-11-07,2024-11-29,won
1773,440,2024-01-29,2024-02-22,pending
1774,905,2024-09-10,2024-10-16,won
1775,1189,2025-06-18,,pending
1776,1066,2024-08-12,2024-09-01,lost
1777,372,2024-07-19,2024-08-04,pending
1778,147,2024-04-25,2024-06-02,lost
1779,590,2024-03-01,2024-04-01,won
1780,149,2024-07-09,2024-08-01,won
1781,811,2025-05-24,2025-06-09,lost
1782,708,2024-03-18,2024-03-15,won
1783,819,2024-08-10,2024-08-21,won
1784,1056,2024-03-16,2024-04-16,pending
1785,1142,2025-02-17,2025-02-24,won
1786,304,2024-03-06,2024-03-14,won
1787,723,2025-05-20,2025-05-13,won
1788,45,2024-12-05,2025-01-12,lost
1789,783,2025-03-08,2025-03-01,won
1790,88,2024-03-23,2024-04-17,won
1791,390,2024-08-21,2024-08-22,won
1792,1047,2025-01-27,2025-02-05,pending
1793,128,2024-03-17,2024-04-23,lost
1794,1095,2024-12-25,2025-01-22,won
1795,150,2024-07-02,2024-06-27,lost
1796,32,2024-04-30,2024-05-05,won
1797,79,2024-04-15,2024-05-21,won
1798,862,2024-10-07,2024-10-09,won
1799,1028,2025-06-17,2025-07-08,won
1800,124,2024-03-20,2024-04-18,won
1801,607,2024-09-10,2024-09-13,lost
1802,107,2025-01-30,2025-02-03,won
1803,47,2024-08-09,2024-08-02,won
1804,1006,2024-11-29,2024-12-23,pending
1805,428,2024-02-25,2024-03-06,won
1806,864,2024-06-14,2024-07-12,won
1807,940,2025-04-02,2025-05-06,lost
1808,189,2025-01-16,2025-01-20,won
1809,300,2025-06-21,2025-07-19,lost
1810,821,2024-05-25,2024-06-07,lost
1811,830,2024-10-26,2024-10-25,lost
1812,488,2025-05-13,2025-06-12,lost
1813,673,2025-07-06,2025-07-24,won
1814,294,2025-02-25,2025-04-05,lost
1815,1135,2025-03-30,2025-04-23,won
1816,839,2024-07-28,2024-08-05,won
1817,177,2025-02-15,2025-02-09,pending
1818,606,2025-05-16,2025-05-11,won
1819,48,2024-04-04,2024-05-12,won
1820,860,2025-04-11,2025-04-28,won
1821,1177,2024-01-12,2024-02-02,pending
1822,227,2024-05-17,2024-05-16,won
1823,3,2025-04-15,2025-05-20,won
1824,992,2024-01-31,2024-02-24,lost
1825,826,2024-02-22,2024-03-25,pending
1826,471,2024-07-30,2024-07-22,won
1827,739,2024-09-24,2024-10-27,lost
1828,1045,2025-02-01,2025-02-09,pending
1829,1020,2024-12-13,2025-01-02,won
1830,217,2025-02-12,2025-03-14,lost
1831,884,2024-06-17,2024-07-21,lost
1832,1110,2025-04-03,2025-04-22,won
1833,76,2025-05-10,2025-05-22,lost
1834,941,2024-10-25,2024-11-03,won
1835,291,2025-06-30,2025-08-03,lost
1836,935,2024-12-12,2025-01-02,won
1837,832,2024-06-17,2024-06-11,won
1838,463,2024-07-03,2024-06-24,lost
1839,151,2025-01-22,2025-01-26,won
1840,1193,2025-04-14,2025-05-12,won
1841,504,2024-09-18,2024-10-10,won
1842,284,2024-08-27,2024-09-12,lost
1843,289,2024-12-14,2024-12-19,lost
1844,950,2024-04-05,2024-05-06,won
1845,206,2024-01-08,2024-01-04,pending
1846,298,2025-04-02,2025-04-19,won
1847,1193,2024-02-06,2024-02-17,lost
1848,900,2024-10-21,2024-10-13,won
1849,195,2024-11-02,2024-11-16,won
1850,224,2024-07-15,2024-08-06,won
1851,49,2024-07-05,,won
1852,1180,2024-08-21,,pending
1853,54,2024-09-03,2024-08-30,pending
1854,1110,2024-03-11,2024-04-07,won
1855,121,2024-05-02,2024-04-24,pending
1856,999,2025-03-27,2025-04-24,won
1857,594,2024-03-19,2024-03-13,won
1858,906,2024-02-24,2024-03-24,won
1859,1109,2024-09-10,2024-10-18,won
1860,670,2025-03-19,2025-04-17,won
1861,526,2024-09-20,2024-10-28,won
1862,659,2025-03-24,2025-04-10,won
1863,407,2024-05-31,2024-06-04,pending
1864,720,2024-05-21,2024-05-22,lost
1865,1074,2024-07-27,2024-07-22,won
1866,267,2025-07-20,2025-07-11,lost
1867,784,2024-12-30,2024-12-28,won
1868,511,2024-05-13,2024-05-25,won
1869,61,2024-06-11,2024-06-29,pending
1870,239,2024-02-07,2024-03-08,won
1871,687,2025-03-29,2025-04-15,won
1872,171,2024-02-05,2024-03-04,pending
1873,1101,2024-01-03,2024-02-07,won
1874,570,2024-09-08,2024-10-16,pending
1875,831,2024-01-24,,lost
1876,992,2024-11-30,2024-12-18,won
1877,993,2025-01-09,2025-01-04,won
1878,692,2024-07-19,2024-08-02,lost
1879,742,2025-07-05,2025-07-30,pending
1880,401,2024-10-15,2024-11-14,lost
1881,555,2024-07-04,2024-06-30,pending
1882,988,2025-02-20,2025-03-16,lost
1883,559,2024-06-22,2024-06-24,won
1884,236,2024-11-22,2024-12-14,lost
1885,877,2024-07-11,2024-08-03,won
1886,36,2025-03-26,2025-03-28,won
1887,410,2024-07-31,2024-09-03,lost
1888,714,2025-06-08,2025-06-07,pending
1889,221,2024-06-30,2024-07-18,won
1890,181,2024-03-24,2024-04-10,pending
1891,91,2024-09-18,2024-10-11,won
1892,722,2024-02-11,2024-02-23,won
1893,1016,2024-01-02,2024-02-02,lost
1894,558,2024-03-04,2024-03-30,pending
1895,475,2024-02-28,2024-03-12,lost
1896,1085,2025-04-17,2025-05-01,won
1897,700,2025-06-10,2025-07-18,pending
1898,393,2025-05-20,2025-05-15,won
1899,71,2024-02-07,2024-02-29,won
1900,156,2025-05-29,2025-06-18,lost
1901,852,2024-11-30,2024-11-24,won
1902,658,2024-05-21,2024-06-09,pending
1903,95,2024-06-22,2024-06-24,pending
1904,1132,2025-02-23,2025-02-24,won
1905,1117,2025-03-14,2025-03-26,lost
1906,17,2024-03-21,2024-03-13,pending
1907,3,2025-04-07,2025-04-13,pending
1908,1122,2025-07-09,2025-07-31,won
1909,1112,2024-07-13,2024-07-29,lost
1910,1161,2024-09-28,2024-10-17,lost
1911,961,2024-12-08,2024-12-13,won
1912,367,2025-03-27,2025-04-27,won
1913,72,2024-11-12,2024-12-21,won
1914,561,2024-04-07,2024-05-02,won
1915,521,2024-07-17,2024-07-24,pending
1916,80,2024-11-08,2024-11-19,pending
1917,1131,2024-06-06,2024-06-21,pending
1918,375,2024-12-14,2025-01-05,lost
1919,938,2024-08-27,2024-08-28,lost
1920,810,2024-10-24,2024-11-19,pending
1921,57,2024-12-20,2025-01-14,won
1922,859,2024-07-21,2024-08-02,won
1923,333,2024-09-27,2024-10-26,lost
1924,393,2025-01-16,2025-02-13,won
1925,536,2025-04-12,2025-04-23,won
1926,567,2025-04-17,2025-05-01,lost
1927,1125,2025-02-07,2025-02-08,pending
1928,1197,2024-07-02,2024-06-26,won
1929,663,2025-01-13,2025-02-01,lost
1930,831,2025-06-26,2025-07-07,lost
1931,320,2025-05-12,2025-06-04,won
1932,576,2025-03-17,2025-03-13,lost
1933,297,2024-04-18,2024-04-21,pending
1934,217,2024-10-16,2024-11-15,pending
1935,1176,2024-07-06,2024-07-04,won
1936,168,2025-03-25,2025-04-15,won
1937,809,2025-03-10,2025-03-21,lost
1938,307,2024-11-20,2024-12-02,won
1939,332,2025-05-30,2025-06-13,won
1940,341,2024-07-24,,lost
1941,978,2024-12-07,2025-01-08,lost
1942,408,2025-02-09,,won
1943,6,2024-09-24,2024-09-18,won
1944,1150,2024-08-21,2024-09-06,won
1945,1018,2024-08-24,2024-09-28,won
1946,1069,2024-10-05,2024-10-28,lost
1947,937,2024-06-06,2024-07-08,won
1948,818,2024-07-21,2024-08-16,won
1949,869,2024-05-15,2024-06-09,won
1950,991,2024-08-11,,won
1951,825,2024-03-16,2024-03-20,lost
1952,859,2024-08-19,2024-09-11,won
1953,47,2024-02-08,2024-02-27,won
1954,1198,2024-08-17,2024-08-28,won
1955,792,2024-11-28,2024-12-18,won
1956,1034,2025-06-06,2025-06-19,lost
1957,211,2025-03-30,2025-04-22,lost
1958,9,2024-05-30,2024-07-06,lost
1959,198,2024-12-27,2024-12-26,won
1960,1,2024-04-05,2024-05-14,lost
1961,663,2024-11-16,2024-11-11,won
1962,121,2024-06-02,2024-05-31,won
1963,340,2024-10-30,2024-11-08,lost
1964,249,2024-03-15,2024-03-29,pending
1965,984,2024-12-24,2025-01-05,lost
1966,212,2025-04-06,2025-05-14,lost
1967,335,2024-12-23,2024-12-26,lost
1968,137,2024-06-28,2024-07-10,lost
1969,313,2024-02-11,2024-02-14,won
1970,1118,2024-01-22,2024-01-26,pending
1971,1043,2025-04-04,2025-03-31,won
1972,891,2025-01-18,2025-02-21,won
1973,278,2025-03-29,2025-04-01,lost
1974,899,2025-04-02,2025-03-31,lost
1975,861,2025-06-15,2025-07-14,lost
1976,1100,2025-04-16,2025-05-15,lost
1977,184,2024-06-17,2024-07-20,won
1978,380,2024-01-27,,won
1979,335,2024-03-24,2024-04-04,won
1980,641,2024-03-13,2024-03-12,won
1981,156,2024-09-02,2024-09-10,lost
1982,477,2025-01-17,,won
1983,1027,2025-02-09,,won
1984,845,2024-06-28,2024-07-18,won
1985,553,2025-04-05,2025-04-20,lost
1986,730,2024-08-26,2024-09-06,won
1987,408,2024-07-06,2024-07-08,won
1988,391,2025-06-16,2025-07-25,pending
1989,860,2024-07-25,2024-07-21,won
1990,930,2025-06-29,,won
1991,520,2024-09-14,2024-09-16,pending
1992,353,2025-03-27,2025-04-12,pending
1993,878,2024-12-16,2024-12-07,won
1994,1180,2024-05-01,2024-04-22,won
1995,360,2024-03-16,2024-04-18,pending
1996,590,2024-04-03,2024-04-14,won
1997,1012,2024-12-23,2025-01-01,won
1998,307,2024-06-03,2024-06-02,won
1999,1052,2024-06-07,2024-06-25,won
2000,152,2025-03-06,2025-03-19,pending
2001,1106,2024-05-29,2024-06-15,lost
2002,842,2025-05-25,2025-06-07,won
2003,442,2025-05-16,2025-05-15,won
2004,431,2024-02-03,2024-02-02,won
2005,1186,2024-04-23,2024-06-01,won
2006,363,2025-03-06,2025-04-04,lost
2007,722,2025-02-17,2025-03-06,pending
2008,193,2025-01-29,2025-02-24,lost
2009,150,2024-06-16,2024-06-30,pending
2010,147,2025-07-07,2025-07-16,lost
2011,1132,2024-09-24,2024-10-02,won
2012,261,2024-04-26,2024-05-04,won
2013,94,2024-08-17,2024-09-07,won
2014,812,2024-05-24,2024-06-16,pending
2015,380,2024-02-18,2024-02-14,lost
2016,333,2024-10-12,2024-10-20,lost
2017,1142,2024-09-20,2024-10-13,won
2018,626,2024-07-25,,lost
2019,169,2024-03-30,2024-05-08,pending
2020,754,2024-02-20,2024-03-05,won
2021,875,2024-05-30,2024-06-16,won
2022,955,2025-02-16,,won
2023,397,2024-10-15,2024-10-10,won
2024,887,2025-05-08,2025-05-13,won
2025,308,2024-08-16,2024-08-23,won
2026,744,2024-11-10,2024-11-22,pending
2027,274,2025-04-30,2025-05-27,pending
2028,484,2024-05-27,2024-06-25,lost
2029,127,2024-09-08,2024-10-13,won
2030,536,2024-08-27,2024-08-22,won
2031,997,2024-10-25,2024-11-20,lost
2032,847,2024-07-28,2024-08-04,lost
2033,310,2025-02-17,2025-03-27,lost
2034,473,2024-03-08,2024-03-20,lost
2035,494,2025-03-21,2025-04-10,lost
2036,513,2024-11-09,2024-11-26,won
2037,739,2025-06-17,2025-06-09,lost
2038,546,2024-04-02,2024-03-25,pending
2039,217,2024-09-17,2024-10-23,lost
2040,933,2025-04-24,2025-05-02,lost
2041,231,2024-01-02,2024-01-24,lost
2042,1162,2025-02-05,2025-01-30,lost
2043,407,2025-03-09,2025-04-08,won
2044,1083,2024-03-22,2024-04-14,lost
2045,259,2024-11-04,2024-10-31,won
2046,753,2024-05-31,2024-05-22,won
2047,321,2024-05-23,2024-06-28,lost
2048,1191,2025-01-06,2025-01-03,won
2049,165,2024-12-27,2025-01-29,won
2050,52,2024-10-09,2024-10-06,won
2051,1067,2024-03-26,2024-03-17,pending
2052,502,2024-11-06,2024-12-04,won
2053,862,2024-05-23,2024-06-09,won
2054,1104,2025-01-08,2025-01-13,won
2055,82,2025-01-02,2025-02-01,lost
2056,276,2024-10-24,2024-11-15,won
2057,455,2024-09-06,2024-09-22,lost
2058,698,2024-12-16,2025-01-22,lost
2059,827,2025-04-18,2025-05-11,lost
2060,1090,2024-12-05,2024-12-06,lost
2061,859,2024-06-26,2024-06-20,lost
2062,665,2025-04-01,2025-04-11,won
2063,812,2025-01-09,2025-01-27,lost
2064,583,2024-07-21,2024-08-12,won
2065,481,2024-04-01,2024-04-04,lost
2066,121,2024-04-03,2024-05-03,pending
2067,1128,2025-03-29,2025-04-03,won
2068,455,2025-05-27,2025-05-30,lost
2069,507,2024-04-30,2024-05-04,pending
2070,476,2025-01-18,2025-01-20,lost
2071,516,2024-08-16,2024-09-15,won
2072,830,2024-05-11,2024-06-10,pending
2073,934,2025-01-22,2025-01-16,lost
2074,603,2025-02-21,2025-03-25,lost
2075,960,2024-10-27,2024-11-15,won
2076,421,2024-04-01,2024-04-02,lost
2077,27,2024-01-12,2024-02-05,pending
2078,1110,2025-04-08,2025-05-01,pending
2079,98,2024-08-28,2024-09-19,pending
2080,967,2024-02-01,2024-02-10,won
2081,1090,2024-01-01,2024-02-07,won
2082,245,2024-02-22,2024-03-06,won
2083,24,2025-03-26,2025-05-04,won
2084,537,2024-01-06,2024-01-24,lost
2085,302,2024-02-10,2024-02-29,lost
2086,413,2024-11-26,2024-12-31,pending
2087,176,2024-10-19,2024-10-31,won
2088,5,2024-08-28,2024-09-28,won
2089,865,2025-04-07,2025-04-28,won
2090,1068,2024-09-11,2024-10-08,won
2091,194,2025-06-06,2025-05-28,won
2092,194,2024-11-04,2024-11-02,won
2093,114,2024-04-05,2024-05-06,won
2094,913,2025-02-21,2025-03-06,lost
2095,293,2025-05-06,2025-05-25,won
2096,204,2024-04-22,2024-05-15,pending
2097,196,2024-12-07,2025-01-01,won
2098,716,2024-05-02,2024-05-01,pending
2099,248,2024-11-29,2024-12-31,lost
2100,19,2024-12-17,2025-01-15,won
2101,33,2024-06-14,2024-06-29,won
2102,1131,2024-04-12,2024-04-27,won
2103,855,2025-06-04,2025-07-06,pending
2104,398,2024-02-16,2024-03-04,won
2105,165,2025-01-11,2025-02-07,won
2106,39,2024-02-16,2024-02-09,lost
2107,46,2024-07-21,2024-07-25,won
2108,555,2024-01-30,2024-03-09,won
2109,296,2024-02-28,2024-03-02,lost
2110,1099,2024-02-07,2024-02-17,won
2111,999,2024-11-02,2024-11-23,won
2112,80,2024-06-14,2024-06-07,lost
2113,119,2024-01-25,2024-01-26,pending
2114,1072,2024-11-05,2024-11-21,won
2115,872,2025-03-21,2025-03-30,pending
2116,696,2024-02-21,2024-02-29,won
2117,1116,2024-09-07,2024-10-13,won
2118,723,2024-06-18,2024-07-01,lost
2119,526,2025-06-21,2025-07-18,won
2120,832,2024-06-24,2024-07-31,won
2121,1108,2025-05-13,2025-06-02,lost
2122,822,2024-10-03,2024-10-19,won
2123,910,2025-05-29,2025-06-02,lost
2124,762,2025-02-01,2025-02-11,won
2125,556,2024-08-03,,lost
2126,626,2025-04-01,2025-04-04,lost
2127,878,2024-04-03,2024-05-08,lost
2128,65,2025-02-04,2025-03-06,won
2129,1163,2024-07-17,2024-07-25,won
2130,40,2025-07-05,2025-07-14,pending
2131,1033,2024-01-14,2024-02-18,won
2132,689,2024-02-17,2024-03-14,won
2133,833,2024-09-17,2024-10-16,lost
2134,108,2025-06-15,2025-06-09,lost
2135,736,2024-04-17,2024-05-21,lost
2136,916,2024-10-05,2024-10-07,won
2137,730,2025-05-09,2025-05-20,won
2138,842,2025-04-15,2025-05-17,won
2139,840,2025-06-20,2025-07-13,lost
2140,1003,2024-01-06,2024-02-03,pending
2141,442,2024-12-13,2024-12-16,lost
2142,506,2025-01-03,,won
2143,30,2025-04-01,2025-05-05,won
2144,1100,2025-07-24,2025-07-16,won
2145,60,2025-02-28,2025-03-01,lost
2146,504,2024-05-20,2024-05-27,lost
2147,45,2024-12-20,2025-01-03,lost
2148,148,2024-04-03,2024-03-29,pending
2149,836,2024-03-27,,pending
2150,285,2024-02-11,2024-03-02,pending
2151,762,2024-11-08,2024-11-06,won
2152,606,2024-07-28,2024-08-15,won
2153,1178,2024-05-10,2024-05-12,pending
2154,940,2024-02-29,2024-03-18,won
2155,587,2024-12-23,2025-01-29,won
2156,227,2024-11-12,2024-11-09,won
2157,814,2024-05-27,2024-07-01,lost
2158,786,2024-09-28,,lost
2159,681,2024-09-26,2024-09-20,pending
2160,488,2024-02-18,2024-02-12,won
2161,958,2024-05-11,2024-05-17,won
2162,1068,2024-08-22,2024-09-14,lost
2163,84,2024-08-04,2024-08-02,lost
2164,956,2025-03-18,2025-03-27,lost
2165,126,2025-06-24,2025-07-03,lost
2166,615,2024-10-29,2024-11-23,won
2167,271,2024-02-14,2024-02-16,won
2168,854,2024-02-14,2024-02-19,won
2169,496,2025-04-16,2025-05-10,pending
2170,217,2025-03-05,2025-03-21,pending
2171,577,2025-06-25,2025-07-18,won
2172,125,2024-03-30,2024-05-02,won
2173,796,2025-03-10,2025-03-06,won
2174,417,2025-06-06,2025-06-04,won
2175,623,2024-09-01,2024-10-04,pending
2176,457,2025-05-08,2025-05-11,lost
2177,74,2025-04-08,2025-05-17,won
2178,1063,2025-04-04,2025-05-01,won
2179,932,2024-01-22,2024-01-13,lost
2180,890,2024-02-01,,lost
2181,433,2024-04-29,2024-05-08,won
2182,838,2024-10-18,2024-11-14,won
2183,805,2024-08-22,2024-09-15,won
2184,1164,2024-08-22,2024-08-20,lost
2185,511,2024-05-14,2024-06-13,won
2186,670,2024-10-17,2024-11-22,won
2187,96,2024-02-24,,lost
2188,824,2024-03-19,2024-04-26,pending
2189,953,2024-04-15,2024-04-24,pending
2190,825,2025-07-22,2025-07-15,lost
2191,556,2025-05-25,2025-07-03,won
2192,222,2024-10-18,,pending
2193,565,2025-07-02,2025-07-03,won
2194,431,2024-07-31,2024-09-06,won
2195,787,2024-06-03,2024-06-20,lost
2196,211,2025-06-14,2025-06-28,lost
2197,1149,2025-03-02,2025-04-10,lost
2198,1070,2024-07-18,2024-07-11,lost
2199,477,2024-08-05,2024-09-06,pending
2200,595,2025-01-11,2025-02-18,lost
2201,981,2025-01-27,2025-03-07,won
2202,863,2024-01-11,2024-02-18,won
2203,5,2024-04-10,2024-04-24,lost
2204,778,2025-03-10,2025-03-29,won
2205,802,2024-04-29,2024-06-04,won
2206,550,2024-11-17,,won
2207,210,2024-08-23,2024-09-21,lost
2208,929,2025-07-02,2025-07-26,won
2209,926,2024-10-11,2024-10-06,lost
2210,873,2024-01-21,2024-02-28,won
2211,80,2024-11-01,2024-11-30,pending
2212,178,2025-03-09,2025-03-21,lost
2213,361,2025-06-09,2025-06-30,lost
2214,715,2024-05-13,2024-05-30,lost
2215,204,2025-02-20,2025-03-27,won
2216,746,2024-10-19,2024-11-14,won
2217,221,2024-11-02,2024-11-20,lost
2218,1061,2024-10-29,2024-12-03,won
2219,272,2024-05-26,2024-06-07,lost
2220,208,2024-05-12,2024-05-04,pending
2221,786,2024-05-13,2024-05-05,lost
2222,1146,2024-08-15,2024-09-18,won
2223,840,2024-12-03,2024-12-22,won
2224,173,2025-02-13,2025-03-05,won
2225,33,2024-11-16,2024-12-18,pending
2226,1055,2025-02-06,2025-03-08,pending
2227,947,2025-04-04,2025-03-26,won
2228,190,2025-07-08,2025-06-29,pending
2229,892,2024-03-15,2024-04-12,won
2230,963,2024-07-08,2024-07-27,won
2231,840,2024-09-28,2024-10-13,won
2232,726,2024-11-08,2024-11-09,pending
2233,862,2024-01-05,2024-01-12,pending
2234,703,2024-03-25,2024-04-19,won
2235,82,2024-08-13,2024-08-23,pending
2236,1096,2024-06-25,2024-07-08,pending
2237,1095,2025-06-09,2025-06-29,won
2238,1194,2024-07-04,2024-07-08,won
2239,1036,2025-04-11,2025-05-20,lost
2240,228,2024-11-01,2024-11-26,lost
2241,831,2025-04-14,2025-05-19,lost
2242,33,2025-04-18,2025-04-29,won
2243,189,2025-01-27,2025-01-24,lost
2244,714,2025-01-29,2025-02-13,pending
2245,48,2024-11-21,2024-12-25,won
2246,32,2024-01-15,2024-01-17,won
2247,748,2025-01-27,2025-01-28,won
2248,990,2025-02-11,2025-03-21,won
2249,699,2024-08-26,2024-09-06,won
2250,1106,2024-07-02,2024-06-27,lost
2251,389,2025-07-21,2025-07-19,pending
2252,70,2024-02-01,2024-02-14,pending
2253,103,2024-03-29,2024-04-13,won
2254,1062,2025-06-04,2025-05-28,lost
2255,931,2024-05-21,2024-06-08,won
2256,830,2024-02-28,2024-02-27,won
2257,247,2025-03-03,2025-02-25,pending
2258,327,2024-09-04,2024-09-07,lost
2259,532,2024-01-07,2024-02-11,won
2260,1160,2024-09-03,2024-09-06,won
2261,532,2024-06-09,2024-06-30,won
2262,76,2024-07-13,2024-08-16,lost
2263,704,2024-11-12,2024-12-06,lost
2264,990,2024-05-27,2024-06-03,won
2265,516,2024-12-20,2025-01-05,won
2266,213,2024-06-16,2024-07-19,won
2267,256,2024-02-12,2024-02-20,lost
2268,533,2025-05-18,2025-06-11,won
2269,584,2024-05-22,2024-05-30,pending
2270,774,2024-12-21,2024-12-12,won
2271,212,2024-03-14,2024-03-19,pending
2272,416,2025-07-05,2025-08-02,won
2273,5,2024-05-25,2024-06-01,pending
2274,282,2025-01-11,2025-01-17,pending
2275,272,2024-09-26,2024-10-28,won
2276,856,2024-07-08,2024-07-25,lost
2277,698,2025-05-13,2025-06-20,won
2278,160,2024-12-01,2025-01-07,won
2279,1062,2024-10-10,2024-11-01,pending
2280,804,2025-01-24,2025-03-04,lost
2281,410,2024-11-19,2024-11-22,lost
2282,311,2024-07-03,2024-07-22,lost
2283,1122,2025-06-19,2025-06-27,lost
2284,996,2024-04-27,2024-05-10,won
2285,140,2024-04-14,2024-05-13,won
2286,1084,2024-01-18,2024-02-13,pending
2287,228,2025-06-19,2025-07-12,won
2288,1180,2024-08-08,2024-08-09,lost
2289,649,2025-01-15,2025-02-20,lost
2290,717,2025-06-07,2025-06-10,won
2291,2,2024-07-17,2024-08-03,pending
2292,175,2024-03-16,2024-04-22,won
2293,296,2025-03-29,2025-04-14,won
2294,435,2024-07-06,2024-07-26,lost
2295,977,2025-06-01,2025-06-20,won
2296,1154,2024-07-22,2024-08-11,lost
2297,224,2025-05-15,2025-06-01,lost
2298,511,2024-01-17,2024-01-30,lost
2299,780,2025-03-03,2025-03-30,pending
2300,1012,2024-07-04,2024-08-07,pending
2301,670,2024-11-05,2024-11-20,won
2302,912,2024-07-10,2024-07-29,pending
2303,387,2024-03-05,2024-03-31,won
2304,809,2024-12-22,2025-01-29,pending
2305,514,2024-06-04,2024-06-06,won
2306,588,2025-02-16,2025-03-23,won
2307,154,2024-12-27,2025-01-18,won
2308,1097,2024-04-22,2024-05-26,won
2309,855,2024-03-26,2024-03-30,won
2310,565,2024-06-26,2024-07-19,lost
2311,453,2025-07-29,2025-07-22,won
2312,594,2025-02-20,2025-03-03,won
2313,155,2024-12-07,2024-12-15,pending
2314,1079,2024-02-24,2024-03-05,lost
2315,319,2024-10-18,2024-11-12,lost
2316,834,2024-06-08,2024-06-09,won
2317,179,2025-04-10,2025-04-07,lost
2318,555,2024-10-15,2024-11-06,won
2319,257,2024-10-17,2024-10-15,lost
2320,507,2024-12-19,2025-01-25,won
2321,234,2024-03-28,,pending
2322,776,2024-03-08,2024-03-30,lost
2323,77,2024-05-13,2024-05-19,lost
2324,916,2024-09-12,,won
2325,1090,2024-09-08,2024-09-23,lost
2326,233,2024-01-18,2024-02-20,pending
2327,341,2025-01-26,2025-01-21,won
2328,1090,2024-12-13,2025-01-20,pending
2329,964,2024-09-22,2024-10-18,won
2330,181,2024-06-29,2024-07-02,pending
2331,783,2025-06-16,2025-07-17,won
2332,24,2024-11-19,2024-12-01,pending
2333,143,2024-08-13,2024-08-11,lost
2334,560,2024-12-07,2025-01-04,won
2335,728,2024-11-21,2024-12-07,lost
2336,613,2024-10-24,2024-11-16,won
2337,992,2024-03-27,2024-03-28,lost
2338,334,2024-08-01,2024-08-13,lost
2339,46,2025-03-02,2025-02-25,won
2340,736,2024-02-23,2024-03-24,pending
2341,178,2024-04-13,2024-05-13,lost
2342,592,2024-02-27,2024-03-16,pending
2343,255,2024-02-21,2024-03-01,won
2344,870,2025-06-04,2025-06-06,lost
2345,1070,2025-04-10,2025-05-19,lost
2346,680,2024-04-19,2024-05-11,pending
2347,460,2024-09-21,2024-09-12,won
2348,583,2025-06-29,2025-07-22,pending
2349,167,2024-09-04,2024-09-10,lost
2350,605,2025-04-20,2025-05-17,won
2351,917,2025-05-15,2025-05-17,pending
2352,770,2024-09-24,2024-10-14,won
2353,1015,2024-02-17,2024-02-21,won
2354,567,2024-09-23,2024-10-10,won
2355,410,2024-02-29,2024-03-14,won
2356,681,2024-04-29,2024-05-03,won
2357,43,2025-02-06,2025-03-14,won
2358,258,2024-07-07,2024-07-09,lost
2359,683,2024-07-05,2024-08-10,pending
2360,786,2024-01-10,2024-02-06,won
2361,958,2024-02-02,2024-03-04,lost
2362,1116,2024-07-27,2024-08-01,pending
2363,193,2025-01-08,2025-01-25,lost
2364,163,2025-04-10,2025-04-30,pending
2365,327,2025-06-27,2025-06-23,pending
2366,110,2024-11-25,2024-11-22,lost
2367,599,2024-05-25,2024-05-17,lost
2368,731,2024-11-24,2024-12-20,won
2369,41,2025-05-22,2025-05-28,lost
2370,65,2024-12-31,2025-01-05,won
2371,75,2025-04-20,2025-04-18,won
2372,203,2024-06-13,2024-06-11,won
2373,1123,2024-09-07,2024-09-03,lost
2374,299,2025-06-26,2025-07-08,lost
2375,782,2025-05-15,2025-05-29,won
2376,1134,2025-05-28,2025-07-01,won
2377,366,2025-05-16,2025-06-18,lost
2378,1077,2024-08-12,2024-08-24,won
2379,229,2024-03-19,2024-03-17,won
2380,1171,2024-02-11,2024-02-24,won
2381,289,2024-05-04,2024-04-26,lost
2382,1168,2024-06-14,2024-07-04,pending
2383,520,2024-12-10,2024-12-19,won
2384,696,2024-12-12,2024-12-17,pending
2385,480,2025-03-22,2025-04-14,won
2386,278,2025-03-31,2025-04-22,lost
2387,534,2025-06-07,2025-06-01,won
2388,946,2024-09-02,2024-10-03,lost
2389,44,2024-01-13,2024-02-12,won
2390,180,2025-05-31,2025-05-23,lost
2391,1197,2025-07-12,2025-07-28,pending
2392,600,2024-10-26,2024-10-31,pending
2393,4,2024-10-28,2024-11-09,pending
2394,328,2024-01-20,2024-01-24,won
2395,360,2024-08-22,2024-09-14,lost
2396,90,2024-10-17,2024-11-01,won
2397,753,2025-07-02,2025-07-07,won
2398,140,2024-02-02,,won
2399,1006,2024-11-29,2024-12-02,pending
2400,636,2024-12-22,2025-01-28,won
2401,1050,2024-06-11,2024-07-01,won
2402,1144,2024-07-24,2024-08-05,lost
2403,630,2024-11-22,2024-11-23,pending
2404,791,2024-09-14,2024-10-06,pending
2405,988,2024-01-12,2024-01-16,won
2406,190,2024-05-31,2024-05-29,won
2407,278,2024-08-28,2024-09-02,won
2408,106,2024-10-16,2024-10-23,won
2409,455,2025-05-03,2025-04-28,lost
2410,356,2024-11-06,2024-11-07,won
2411,113,2024-11-19,2024-11-14,pending
2412,1105,2024-04-15,2024-05-17,won
2413,44,2024-06-03,2024-07-02,won
2414,860,2024-11-17,,won
2415,306,2025-05-23,2025-05-15,pending
2416,68,2025-01-09,2025-01-13,won
2417,257,2024-02-19,2024-03-13,lost
2418,1069,2024-09-01,2024-09-02,won
2419,808,2024-12-15,2024-12-10,lost
2420,813,2025-06-27,2025-06-21,won
2421,7,2024-12-05,2025-01-12,lost
2422,762,2024-05-12,2024-05-19,lost
2423,181,2025-02-22,,won
2424,838,2024-09-27,2024-11-05,lost
2425,120,2024-10-28,2024-10-24,won
2426,554,2024-12-30,2025-02-07,won
2427,954,2024-05-24,2024-05-25,won
2428,581,2024-01-29,2024-02-17,won
2429,70,2024-04-25,2024-05-01,won
2430,413,2024-03-01,2024-02-27,won
2431,470,2025-05-29,2025-06-18,won
2432,1030,2025-03-16,,won
2433,77,2024-09-08,2024-09-29,won
2434,842,2024-07-04,2024-07-14,lost
2435,987,2024-11-09,2024-11-24,won
2436,1105,2024-03-26,2024-04-17,won
2437,261,2024-10-02,2024-10-01,won
2438,150,2024-02-26,2024-03-26,won
2439,1046,2024-09-30,2024-10-30,pending
2440,1124,2024-07-24,2024-08-29,won
2441,654,2024-02-21,2024-02-25,lost
2442,42,2024-01-30,2024-03-06,won
2443,787,2024-07-22,2024-07-27,lost
2444,794,2024-04-22,2024-05-13,lost
2445,358,2024-07-27,2024-08-11,won
2446,1179,2025-05-09,2025-05-01,pending
2447,717,2024-08-16,2024-08-12,won
2448,156,2024-12-19,2025-01-27,lost
2449,328,2024-04-01,2024-04-03,won
2450,531,2024-12-14,2025-01-01,lost
2451,89,2025-03-27,2025-05-03,pending
2452,5,2025-05-13,2025-05-11,lost
2453,556,2024-08-20,2024-09-17,won
2454,648,2024-06-14,2024-07-04,won
2455,375,2024-11-03,2024-12-11,won
2456,1019,2025-02-25,2025-03-01,lost
2457,854,2024-01-08,,won
2458,112,2024-04-11,2024-04-16,lost
2459,202,2025-06-26,2025-08-03,pending
2460,504,2025-05-29,2025-05-31,lost
2461,673,2024-03-16,2024-03-13,lost
2462,195,2024-09-26,2024-10-18,won
2463,880,2025-01-16,2025-01-29,lost
2464,861,2024-05-07,2024-06-14,pending
2465,441,2024-04-02,2024-04-01,won
2466,1126,2024-08-06,2024-07-28,won
2467,875,2024-03-26,2024-03-18,pending
2468,940,2025-01-16,2025-01-14,lost
2469,1009,2024-01-07,2024-01-15,won
2470,1197,2025-02-05,2025-02-24,lost
2471,557,2024-05-22,2024-06-06,won
2472,515,2025-04-02,,won
2473,430,2025-06-17,2025-07-15,pending
2474,190,2024-08-06,2024-08-25,won
2475,206,2025-06-09,2025-05-31,lost
2476,47,2025-03-01,2025-03-23,won
2477,599,2024-03-13,2024-04-12,won
2478,399,2024-03-05,2024-02-27,pending
2479,180,2024-03-16,2024-04-11,pending
2480,250,2024-09-01,2024-09-21,pending
2481,947,2024-09-01,2024-10-09,pending
2482,1064,2025-03-08,2025-03-14,won
2483,229,2024-05-10,2024-06-11,pending
2484,1002,2025-07-05,2025-08-06,lost
2485,1118,2024-06-17,2024-06-29,lost
2486,697,2024-08-17,2024-08-25,lost
2487,151,2025-06-18,2025-06-24,won
2488,585,2024-05-13,2024-06-08,lost
2489,477,2025-04-04,2025-05-09,won
2490,816,2024-03-15,2024-04-22,won
2491,842,2024-09-03,2024-08-26,won
2492,874,2024-12-15,2025-01-05,won
2493,1197,2025-03-23,2025-03-25,won
2494,897,2024-01-25,2024-03-01,lost
2495,60,2024-05-31,2024-06-01,pending
2496,92,2025-01-24,2025-02-11,lost
2497,682,2024-02-22,2024-02-18,won
2498,773,2025-02-12,2025-03-10,lost
2499,1126,2024-04-24,2024-04-30,lost
2500,137,2024-04-02,2024-03-27,won
