buyer_id,wishlist_filled,latest_update_date
1,True,2025-02-23
2,True,2025-02-21
3,True,2024-09-02
4,True,2025-01-16
5,True,2024-08-02
6,True,2024-08-10
7,True,2024-01-25
8,True,2025-06-23
9,True,2024-04-04
10,True,2024-12-06
11,True,2024-10-18
12,True,2025-04-21
13,True,2024-05-10
14,True,2025-05-23
15,True,2025-03-13
16,True,2025-05-10
17,True,2025-02-16
18,True,2025-05-23
19,True,2024-07-25
20,True,2024-06-13
21,True,2025-03-04
22,False,
23,True,2025-01-31
24,True,2024-06-22
25,False,
26,False,
27,True,2024-04-26
28,True,2024-12-15
29,True,2024-07-10
30,True,2025-03-18
31,True,2024-10-03
32,True,2024-05-16
33,False,
34,True,2024-07-31
35,True,2025-06-14
36,False,
37,True,2024-10-23
38,True,2024-12-30
39,True,2024-05-09
40,True,2024-09-04
41,False,
42,True,2024-11-27
43,True,2024-06-20
44,True,2024-01-26
45,False,
46,True,2024-07-31
47,True,2024-12-04
48,True,2024-01-03
49,True,2024-12-18
50,True,2025-01-24
51,True,2024-10-10
52,True,2024-03-09
53,False,
54,True,2024-01-02
55,False,
56,False,
57,True,2024-03-01
58,True,2025-03-24
59,True,2024-11-08
60,True,2025-04-24
61,True,2024-10-21
62,True,2024-05-13
63,True,2024-07-11
64,True,2024-04-14
65,True,2024-01-18
66,True,2025-05-21
67,True,2024-06-29
68,True,2024-01-31
69,True,2024-07-29
70,True,2024-04-14
71,True,2024-04-16
72,True,2024-06-12
73,True,2025-04-30
74,False,
75,False,
76,True,2025-04-05
77,True,2025-04-17
78,True,2024-02-19
79,True,2025-05-28
80,True,2024-09-21
81,True,2025-05-16
82,True,2024-11-02
83,True,2025-01-05
84,False,
85,False,
86,True,2025-04-01
87,True,2024-09-20
88,True,2024-01-14
89,True,2024-02-17
90,True,2025-06-18
91,True,2025-06-25
92,True,2025-06-21
93,True,2024-04-24
94,False,
95,True,2024-06-17
96,False,
97,True,2025-02-17
98,True,2024-12-18
99,True,2024-02-06
100,True,2024-05-30
101,True,2025-03-01
102,True,2024-12-13
103,True,2024-08-08
104,True,2024-03-27
105,True,2024-06-01
106,True,2024-05-22
107,True,2024-08-03
108,True,2025-05-31
109,True,2024-09-21
110,False,
111,True,2024-03-18
112,True,2024-09-14
113,True,2024-09-26
114,True,2025-01-11
115,True,2024-09-25
116,True,2024-06-23
117,True,2024-09-30
118,True,2024-05-30
119,False,
120,True,2024-05-12
121,True,2024-04-28
122,True,2025-05-24
123,True,2025-02-15
124,True,2024-03-21
125,True,2025-01-03
126,True,2024-12-29
127,False,
128,True,2025-07-06
129,False,
130,True,2025-02-15
131,True,2024-09-05
132,True,2025-04-14
133,True,2025-04-04
134,True,2024-12-09
135,True,2024-02-15
136,True,2025-07-06
137,True,2024-09-10
138,True,2024-02-26
139,True,2025-05-09
140,False,
141,True,2024-01-09
142,True,2025-02-07
143,True,2024-04-07
144,True,2024-03-29
145,True,2024-10-26
146,True,2024-08-02
147,True,2024-05-14
148,True,2024-01-01
149,False,
150,True,2025-05-26
151,True,2024-04-24
152,False,
153,True,2024-11-15
154,True,2024-12-28
155,True,2025-01-19
156,True,2025-05-26
157,True,2024-11-12
158,True,2025-03-29
159,True,2024-02-16
160,True,2024-03-27
161,True,2025-01-10
162,True,2025-05-06
163,True,2024-10-31
164,True,2025-05-12
165,True,2024-01-27
166,True,2024-05-17
167,True,2025-06-30
168,True,2024-05-23
169,True,2024-02-10
170,False,
171,True,2025-05-23
172,False,
173,False,
174,True,2025-04-14
175,True,2024-02-26
176,False,
177,True,2025-02-17
178,False,
179,False,
180,True,2024-07-05
181,True,2025-03-07
182,True,2024-07-10
183,True,2025-05-20
184,True,2024-03-29
185,True,2024-03-09
186,True,2025-04-02
187,True,2025-05-18
188,True,2024-03-18
189,True,2024-08-17
190,True,2025-05-25
191,True,2024-08-30
192,False,
193,True,2024-06-29
194,True,2024-05-25
195,True,2024-03-21
196,False,
197,True,2025-05-19
198,True,2024-04-26
199,False,
200,True,2024-01-28
201,True,2024-11-11
202,False,
203,True,2025-05-20
204,False,
205,True,2025-05-30
206,True,2025-02-03
207,True,2024-12-16
208,True,2024-01-10
209,True,2024-08-01
210,True,2024-07-01
211,True,2024-06-02
212,True,2025-02-24
213,False,
214,True,2024-09-21
215,True,2025-06-12
216,True,2024-04-04
217,False,
218,False,
219,True,2025-02-05
220,True,2025-05-14
221,True,2025-05-06
222,True,2024-01-24
223,True,2025-04-07
224,True,2025-05-19
225,True,2024-01-24
226,False,
227,False,
228,True,2024-07-23
229,True,2025-02-28
230,True,2025-04-09
231,True,2024-01-22
232,True,2024-11-04
233,False,
234,True,2024-01-08
235,True,2024-09-16
236,True,2024-01-03
237,True,2024-12-11
238,False,
239,True,2024-07-10
240,True,2024-12-16
241,True,2024-10-27
242,True,2024-06-24
243,True,2025-02-01
244,True,2024-08-06
245,True,2025-03-29
246,True,2024-07-01
247,True,2025-04-17
248,True,2024-12-14
249,False,
250,True,2025-03-27
251,True,2024-02-25
252,True,2024-04-13
253,True,2025-02-23
254,True,2025-05-24
255,True,2024-09-18
256,True,2024-08-30
257,True,2025-05-28
258,True,2025-06-10
259,True,2025-07-12
260,True,2025-04-02
261,True,2024-05-15
262,True,2024-10-16
263,True,2025-03-23
264,True,2025-02-13
265,True,2024-03-15
266,True,2025-06-09
267,True,2025-06-20
268,True,2024-01-06
269,True,2024-12-15
270,True,2025-03-20
271,True,2024-01-03
272,True,2025-03-02
273,False,
274,True,2024-11-25
275,False,
276,True,2024-06-30
277,True,2024-04-10
278,True,2025-02-16
279,False,
280,True,2024-09-14
281,False,
282,True,2025-06-18
283,False,
284,True,2024-12-30
285,True,2024-11-12
286,True,2025-01-14
287,True,2024-08-28
288,True,2024-05-04
289,True,2024-07-20
290,False,
291,True,2024-06-03
292,True,2024-11-23
293,True,2024-09-08
294,True,2024-10-13
295,True,2024-05-30
296,True,2025-07-01
297,True,2025-05-07
298,True,2024-03-25
299,True,2025-01-06
300,True,2025-05-31
301,True,2024-06-01
302,True,2024-06-21
303,True,2024-06-21
304,True,2024-02-20
305,True,2024-07-24
306,True,2024-06-08
307,True,2024-11-03
308,True,2024-05-08
309,True,2025-04-08
310,True,2025-06-26
311,True,2025-02-20
312,True,2024-02-05
313,False,
314,True,2024-07-14
315,True,2024-01-24
316,True,2024-12-27
317,False,
318,True,2024-07-26
319,True,2024-09-13
320,True,2024-08-10
321,True,2024-12-15
322,True,2025-01-21
323,False,
324,True,2024-11-25
325,True,2024-03-23
326,True,2024-01-24
327,True,2024-12-27
328,True,2024-07-18
329,True,2024-01-24
330,False,
331,True,2024-12-12
332,True,2025-03-06
333,True,2025-02-06
334,True,2024-02-15
335,True,2024-07-26
336,False,
337,True,2024-03-09
338,True,2024-07-04
339,True,2024-08-10
340,False,
341,True,2024-09-13
342,True,2024-03-15
343,True,2024-10-25
344,True,2025-06-27
345,True,2024-01-12
346,False,
347,True,2025-02-17
348,True,2024-11-30
349,False,
350,True,2025-03-01
351,True,2025-06-26
352,True,2024-04-13
353,True,2024-03-18
354,True,2025-06-08
355,True,2024-01-24
356,True,2024-11-08
357,True,2025-02-28
358,True,2025-03-22
359,True,2024-01-28
360,False,
361,True,2024-02-11
362,True,2024-03-28
363,False,
364,True,2025-02-15
365,True,2025-06-01
366,True,2024-08-09
367,True,2025-02-10
368,True,2024-12-20
369,True,2025-01-23
370,True,2024-08-29
371,False,
372,False,
373,True,2025-03-15
374,True,2024-08-06
375,True,2024-04-28
376,False,
377,False,
378,True,2024-04-04
379,True,2024-12-12
380,True,2025-02-03
381,True,2025-01-16
382,False,
383,True,2024-07-04
384,True,2024-01-14
385,True,2025-07-03
386,False,
387,True,2024-01-03
388,True,2024-03-16
389,True,2025-03-06
390,False,
391,True,2024-01-20
392,False,
393,True,2024-04-18
394,True,2024-07-03
395,True,2024-04-22
396,False,
397,True,2024-04-09
398,False,
399,True,2024-04-15
400,True,2025-03-09
401,True,2025-03-19
402,True,2025-02-09
403,True,2024-08-02
404,True,2024-04-12
405,True,2025-04-04
406,True,2024-03-26
407,False,
408,True,2024-08-09
409,True,2025-03-20
410,True,2024-10-25
411,True,2024-12-13
412,True,2024-06-29
413,False,
414,True,2025-06-24
415,True,2024-07-30
416,True,2024-02-16
417,True,2024-11-05
418,True,2024-04-02
419,True,2024-02-28
420,True,2024-04-14
421,True,2025-05-24
422,False,
423,True,2024-01-26
424,True,2024-08-15
425,True,2024-08-20
426,True,2025-01-18
427,True,2024-01-21
428,True,2024-06-04
429,True,2024-04-19
430,True,2024-07-15
431,True,2024-01-22
432,True,2025-05-21
433,True,2024-12-23
434,True,2024-09-11
435,True,2025-01-11
436,True,2025-03-01
437,True,2025-06-27
438,True,2025-05-23
439,False,
440,True,2024-03-07
441,True,2024-02-26
442,False,
443,False,
444,True,2024-06-20
445,True,2024-09-01
446,False,
447,True,2024-06-29
448,True,2024-11-08
449,True,2024-06-13
450,True,2024-03-24
451,True,2024-06-17
452,True,2024-05-09
453,True,2024-01-02
454,True,2024-09-20
455,True,2025-03-10
456,True,2025-04-08
457,True,2025-03-27
458,True,2024-12-08
459,False,
460,True,2024-08-19
461,True,2025-01-06
462,True,2024-08-26
463,True,2024-12-17
464,True,2024-11-01
465,True,2024-10-10
466,True,2024-07-01
467,True,2024-09-26
468,True,2025-07-03
469,True,2024-12-01
470,True,2024-10-28
471,True,2024-12-15
472,True,2024-05-19
473,True,2024-02-16
474,True,2024-09-20
475,True,2024-11-03
476,True,2024-02-16
477,True,2025-04-07
478,True,2024-05-10
479,False,
480,True,2024-01-26
481,True,2024-11-04
482,False,
483,False,
484,True,2024-04-02
485,True,2025-06-01
486,True,2024-01-15
487,True,2024-10-08
488,True,2025-02-02
489,False,
490,True,2025-06-15
491,True,2024-03-24
492,True,2025-01-13
493,True,2025-01-25
494,True,2024-02-08
495,True,2024-03-01
496,False,
497,True,2024-09-15
498,False,
499,True,2025-05-11
500,True,2025-03-20
501,True,2024-07-05
502,True,2024-10-27
503,True,2024-03-04
504,True,2024-02-04
505,True,2024-12-21
506,True,2025-05-18
507,True,2024-02-15
508,False,
509,True,2024-06-17
510,True,2024-10-04
511,False,
512,True,2024-03-22
513,True,2024-09-19
514,False,
515,True,2024-10-17
516,True,2025-04-12
517,True,2024-01-11
518,False,
519,True,2024-07-14
520,True,2024-09-16
521,True,2024-08-28
522,True,2024-04-18
523,True,2024-04-11
524,True,2025-06-16
525,True,2024-08-18
526,True,2024-11-09
527,True,2024-05-07
528,True,2024-09-29
529,True,2024-03-18
530,True,2024-10-06
531,True,2024-01-15
532,False,
533,False,
534,True,2025-03-08
535,True,2024-06-06
536,True,2025-07-03
537,True,2024-07-22
538,True,2024-05-29
539,False,
540,True,2024-09-22
541,True,2024-11-07
542,True,2024-04-12
543,False,
544,True,2024-06-08
545,True,2024-10-17
546,True,2024-10-27
547,True,2025-01-13
548,False,
549,True,2024-04-29
550,True,2024-05-07
551,True,2025-03-25
552,True,2025-05-13
553,True,2025-03-09
554,True,2024-02-07
555,True,2024-05-25
556,True,2025-02-01
557,False,
558,True,2024-01-10
559,True,2025-06-08
560,True,2025-07-11
561,True,2024-03-12
562,True,2025-03-09
563,False,
564,True,2024-11-07
565,True,2025-01-28
566,True,2025-07-10
567,True,2024-02-24
568,True,2024-07-27
569,True,2024-01-20
570,True,2025-01-16
571,True,2024-08-22
572,True,2024-06-16
573,True,2024-09-01
574,True,2024-08-18
575,False,
576,True,2024-02-19
577,False,
578,True,2024-01-26
579,True,2024-08-17
580,True,2024-01-04
581,True,2024-03-19
582,False,
583,False,
584,False,
585,False,
586,True,2025-06-06
587,False,
588,True,2025-01-12
589,True,2024-11-03
590,True,2024-09-08
591,True,2024-05-18
592,False,
593,True,2024-12-01
594,False,
595,True,2025-06-07
596,True,2024-03-09
597,False,
598,True,2024-09-19
599,False,
600,True,2025-04-07
601,True,2024-08-14
602,True,2024-02-25
603,True,2025-03-28
604,False,
605,False,
606,False,
607,True,2025-01-19
608,True,2024-02-28
609,False,
610,True,2024-07-21
611,True,2025-05-16
612,False,
613,True,2024-07-14
614,True,2025-05-28
615,True,2024-10-08
616,True,2024-02-12
617,True,2025-05-10
618,False,
619,True,2024-01-09
620,True,2025-04-27
621,True,2024-12-21
622,True,2024-05-04
623,True,2024-11-18
624,True,2024-04-09
625,False,
626,True,2025-05-12
627,True,2024-07-08
628,False,
629,True,2024-12-18
630,True,2025-02-20
631,True,2025-01-03
632,True,2024-09-11
633,True,2024-10-03
634,True,2024-05-29
635,True,2025-05-06
636,True,2024-06-09
637,True,2025-06-10
638,True,2025-03-03
639,False,
640,True,2024-07-12
641,True,2024-12-29
642,False,
643,True,2024-10-14
644,True,2025-05-12
645,True,2024-11-20
646,False,
647,False,
648,True,2024-04-30
649,True,2024-08-12
650,True,2024-03-30
651,True,2025-06-13
652,True,2024-02-29
653,False,
654,True,2025-06-05
655,False,
656,True,2025-01-12
657,True,2024-02-08
658,True,2024-04-15
659,True,2025-05-22
660,True,2024-11-15
661,True,2024-06-05
662,True,2025-01-02
663,True,2024-11-15
664,True,2025-01-24
665,False,
666,True,2024-08-09
667,True,2025-03-25
668,True,2024-04-14
669,False,
670,True,2024-10-24
671,True,2024-08-25
672,True,2024-02-01
673,True,2024-10-21
674,True,2025-06-08
675,True,2024-10-18
676,False,
677,True,2025-05-15
678,True,2024-12-29
679,True,2025-04-20
680,True,2024-03-12
681,True,2024-04-17
682,True,2024-11-17
683,True,2025-04-23
684,True,2025-04-06
685,True,2025-02-22
686,True,2024-01-02
687,True,2024-06-11
688,True,2025-06-24
689,False,
690,True,2024-12-03
691,False,
692,True,2025-01-03
693,False,
694,True,2024-12-28
695,True,2025-01-21
696,False,
697,False,
698,True,2025-01-21
699,True,2025-02-06
700,False,
701,True,2024-09-12
702,True,2025-04-15
703,False,
704,True,2024-02-25
705,True,2025-05-24
706,True,2024-01-07
707,True,2024-05-04
708,True,2024-10-26
709,True,2025-06-13
710,True,2024-09-10
711,False,
712,True,2024-05-30
713,True,2024-04-11
714,True,2024-01-25
715,True,2025-06-15
716,True,2024-08-02
717,True,2025-01-13
718,False,
719,True,2025-05-29
720,True,2025-06-12
721,False,
722,False,
723,True,2024-01-12
724,True,2024-02-08
725,True,2024-05-27
726,False,
727,True,2024-03-01
728,True,2024-11-01
729,True,2025-02-27
730,True,2025-03-17
731,False,
732,True,2024-03-05
733,False,
734,False,
735,True,2025-05-12
736,True,2025-02-24
737,True,2024-04-13
738,True,2024-04-23
739,True,2024-03-09
740,True,2024-08-09
741,True,2024-11-16
742,False,
743,False,
744,True,2025-01-03
745,True,2025-02-27
746,True,2024-01-26
747,True,2025-06-07
748,True,2024-08-27
749,True,2025-06-17
750,True,2024-12-19
751,False,
752,True,2024-11-22
753,True,2024-12-27
754,True,2025-01-26
755,True,2024-02-05
756,True,2025-05-12
757,True,2025-06-28
758,False,
759,False,
760,False,
761,True,2025-05-29
762,True,2025-06-20
763,True,2024-01-31
764,True,2024-04-17
765,True,2024-03-02
766,True,2024-09-12
767,False,
768,True,2025-03-21
769,True,2024-07-20
770,True,2024-03-07
771,True,2024-05-27
772,True,2025-03-14
773,True,2025-02-01
774,True,2024-08-10
775,False,
776,False,
777,True,2024-05-02
778,True,2024-04-26
779,True,2025-05-19
780,True,2024-04-02
781,True,2025-02-13
782,True,2024-09-24
783,True,2025-01-05
784,True,2025-05-29
785,True,2024-12-14
786,True,2024-05-24
787,True,2024-06-18
788,True,2025-01-25
789,True,2024-08-31
790,True,2024-06-06
791,True,2025-03-03
792,True,2024-01-29
793,True,2025-05-23
794,True,2025-07-07
795,True,2024-10-08
796,True,2024-10-21
797,True,2025-03-08
798,False,
799,True,2024-11-07
800,True,2025-01-28
801,True,2024-12-11
802,False,
803,True,2024-04-26
804,True,2025-04-10
805,True,2024-01-31
806,True,2024-05-17
807,True,2024-03-06
808,False,
809,True,2024-08-29
810,True,2024-02-24
811,True,2024-01-06
812,True,2024-06-15
813,True,2024-06-05
814,True,2024-12-06
815,True,2025-05-05
816,True,2024-05-17
817,True,2024-03-23
818,True,2025-02-27
819,True,2024-07-03
820,True,2024-10-05
821,True,2025-06-24
822,True,2025-03-04
823,True,2025-03-08
824,True,2024-09-02
825,True,2025-05-09
826,True,2025-06-13
827,False,
828,False,
829,True,2024-11-13
830,False,
831,True,2025-05-29
832,True,2024-06-29
833,True,2025-03-04
834,True,2024-02-08
835,True,2024-03-31
836,True,2025-05-12
837,False,
838,True,2024-10-20
839,False,
840,False,
841,True,2024-05-09
842,True,2024-12-20
843,False,
844,True,2025-01-05
845,False,
846,True,2025-06-17
847,True,2024-12-11
848,True,2024-04-22
849,True,2024-07-19
850,True,2024-05-22
851,True,2024-01-27
852,False,
853,True,2024-08-14
854,True,2024-02-21
855,True,2024-05-24
856,False,
857,True,2024-05-22
858,True,2025-01-06
859,False,
860,False,
861,False,
862,True,2024-09-25
863,True,2025-07-11
864,True,2024-05-01
865,False,
866,True,2025-05-08
867,True,2024-07-04
868,True,2024-12-12
869,True,2024-01-27
870,True,2024-01-18
871,True,2025-04-13
872,True,2024-11-18
873,True,2025-01-23
874,True,2025-01-12
875,True,2024-12-28
876,True,2025-02-04
877,True,2024-02-24
878,True,2025-03-01
879,False,
880,True,2025-07-09
881,True,2025-03-30
882,True,2025-05-04
883,True,2025-01-13
884,True,2024-01-27
885,True,2024-08-25
886,True,2024-11-05
887,True,2024-03-13
888,True,2024-03-31
889,True,2024-04-19
890,False,
891,False,
892,True,2024-04-12
893,True,2024-03-21
894,False,
895,True,2024-10-10
896,True,2024-07-05
897,True,2024-09-20
898,True,2025-05-23
899,True,2024-06-12
900,False,
901,True,2024-03-09
902,True,2024-12-17
903,True,2025-04-30
904,True,2025-02-22
905,False,
906,False,
907,False,
908,True,2025-03-17
909,False,
910,False,
911,True,2024-07-14
912,False,
913,True,2025-07-07
914,True,2024-11-22
915,True,2024-12-03
916,True,2025-03-04
917,True,2024-12-27
918,True,2024-08-21
919,True,2024-02-17
920,True,2024-03-24
921,True,2025-05-31
922,True,2024-10-24
923,True,2024-02-01
924,True,2025-05-10
925,True,2024-04-15
926,False,
927,True,2024-02-06
928,True,2025-07-03
929,True,2024-07-14
930,True,2024-09-27
931,True,2024-02-21
932,True,2024-05-29
933,True,2024-08-28
934,False,
935,True,2024-11-14
936,True,2024-09-02
937,True,2025-01-31
938,True,2024-07-14
939,True,2024-04-01
940,True,2024-06-01
941,True,2024-12-08
942,False,
943,False,
944,True,2025-03-28
945,True,2024-09-28
946,True,2024-12-18
947,True,2024-07-05
948,False,
949,True,2024-08-20
950,True,2025-02-04
951,True,2024-07-17
952,False,
953,False,
954,True,2024-10-07
955,True,2024-11-02
956,True,2024-07-31
957,True,2024-01-08
958,True,2024-12-21
959,True,2024-04-11
960,True,2025-05-17
961,False,
962,True,2025-01-26
963,True,2024-02-06
964,True,2024-11-27
965,True,2024-11-05
966,True,2024-11-06
967,False,
968,True,2024-08-12
969,True,2025-06-14
970,False,
971,True,2024-11-02
972,False,
973,True,2024-02-04
974,True,2024-09-05
975,False,
976,True,2024-01-24
977,True,2024-04-23
978,True,2024-06-06
979,True,2024-08-31
980,False,
981,True,2025-03-03
982,True,2025-05-18
983,False,
984,True,2024-02-26
985,True,2025-05-05
986,True,2024-05-09
987,True,2024-10-10
988,False,
989,True,2025-02-12
990,False,
991,True,2024-01-29
992,True,2025-04-03
993,True,2024-09-27
994,True,2025-03-28
995,False,
996,True,2024-10-18
997,True,2024-04-02
998,True,2024-08-12
999,False,
1000,True,2025-02-06
1001,False,
1002,True,2024-01-30
1003,False,
1004,True,2024-04-23
1005,True,2024-02-04
1006,False,
1007,False,
1008,False,
1009,False,
1010,True,2024-09-11
1011,True,2024-06-02
1012,True,2024-04-18
1013,True,2024-02-20
1014,True,2025-06-02
1015,True,2024-07-01
1016,True,2025-01-20
1017,True,2024-10-09
1018,True,2024-01-17
1019,True,2025-05-29
1020,True,2024-12-29
1021,False,
1022,True,2024-09-06
1023,False,
1024,False,
1025,True,2025-02-04
1026,True,2024-12-01
1027,True,2025-06-29
1028,True,2024-02-11
1029,True,2024-02-05
1030,True,2024-11-03
1031,False,
1032,True,2025-04-01
1033,True,2024-05-04
1034,True,2024-08-29
1035,True,2024-12-07
1036,True,2024-07-11
1037,True,2024-05-17
1038,True,2025-02-27
1039,True,2024-11-24
1040,False,
1041,True,2024-04-22
1042,True,2024-06-24
1043,True,2025-03-09
1044,True,2025-07-01
1045,True,2024-10-07
1046,True,2025-01-19
1047,True,2024-08-07
1048,False,
1049,False,
1050,True,2024-12-09
1051,True,2024-08-30
1052,True,2024-08-17
1053,True,2024-06-09
1054,True,2024-01-28
1055,True,2024-07-10
1056,True,2024-07-22
1057,True,2024-04-16
1058,False,
1059,True,2025-06-04
1060,True,2024-01-29
1061,True,2024-03-19
1062,False,
1063,True,2024-05-08
1064,True,2025-01-14
1065,True,2024-10-20
1066,True,2024-03-10
1067,True,2025-04-03
1068,False,
1069,True,2024-08-15
1070,True,2025-02-18
1071,True,2024-01-25
1072,True,2024-11-14
1073,True,2024-08-18
1074,True,2024-03-24
1075,True,2024-10-08
1076,False,
1077,True,2024-06-15
1078,True,2025-07-11
1079,True,2025-01-05
1080,True,2024-12-21
1081,True,2025-03-09
1082,True,2024-10-10
1083,True,2024-03-07
1084,True,2024-05-30
1085,True,2024-10-05
1086,True,2024-06-18
1087,True,2024-09-05
1088,False,
1089,True,2024-01-07
1090,True,2024-12-07
1091,True,2024-02-02
1092,True,2024-09-27
1093,True,2024-05-20
1094,True,2024-04-06
1095,False,
1096,False,
1097,True,2025-01-26
1098,True,2025-05-07
1099,True,2025-06-02
1100,True,2024-09-08
1101,False,
1102,True,2024-07-13
1103,False,
1104,True,2024-10-23
1105,True,2024-10-07
1106,True,2025-03-30
1107,True,2025-06-01
1108,False,
1109,True,2025-07-06
1110,True,2024-03-14
1111,False,
1112,True,2024-04-17
1113,True,2024-03-17
1114,True,2025-06-12
1115,True,2024-09-19
1116,True,2024-03-03
1117,True,2025-04-15
1118,True,2024-10-05
1119,True,2024-07-21
1120,False,
1121,True,2024-09-02
1122,False,
1123,False,
1124,True,2024-08-14
1125,False,
1126,False,
1127,True,2025-01-31
1128,True,2024-07-18
1129,True,2024-03-07
1130,True,2024-01-08
1131,True,2024-05-24
1132,False,
1133,True,2024-04-09
1134,True,2025-04-03
1135,True,2024-02-26
1136,True,2025-02-06
1137,True,2025-01-15
1138,False,
1139,True,2024-02-04
1140,False,
1141,True,2025-01-21
1142,True,2024-06-26
1143,True,2025-06-25
1144,True,2025-02-18
1145,True,2024-08-11
1146,False,
1147,True,2024-12-18
1148,True,2025-04-21
1149,True,2024-03-19
1150,False,
1151,False,
1152,False,
1153,True,2024-03-24
1154,True,2025-06-30
1155,True,2025-07-01
1156,True,2025-03-17
1157,True,2024-12-19
1158,True,2024-12-24
1159,True,2024-10-22
1160,False,
1161,True,2024-05-07
1162,True,2024-05-09
1163,True,2024-04-24
1164,False,
1165,False,
1166,True,2024-02-28
1167,True,2024-10-20
1168,True,2025-06-16
1169,True,2024-09-01
1170,False,
1171,False,
1172,True,2024-10-26
1173,True,2024-12-20
1174,False,
1175,False,
1176,True,2024-01-08
1177,True,2024-07-16
1178,True,2024-03-27
1179,False,
1180,True,2024-03-20
1181,True,2024-01-23
1182,True,2024-09-05
1183,True,2025-05-06
1184,False,
1185,True,2025-06-17
1186,True,2024-05-29
1187,True,2025-01-26
1188,True,2024-04-17
1189,True,2024-08-12
1190,False,
1191,True,2024-01-06
1192,False,
1193,True,2024-12-07
1194,True,2024-03-19
1195,True,2024-10-18
1196,True,2025-03-08
1197,True,2024-09-19
1198,True,2024-06-24
1199,False,
1200,True,2024-01-17
